{
    "CompleterNpc": "M17",
    "NextQuestId": -1,
    "RandomReward": 0b,
    "QuestRepeat": 3,
    "QuestCompletion": 0,
    "Title": "M17",
    "Text": "Derrota a Sasuke para que regrese a la aldea

Cords:  x:2494 y:68 z:-63 Sasuke (2)",
    "QuestFactionPoints": {
        "DecreaseFaction1Points": 0b,
        "OptionFaction2Points": 100,
        "OptionFactions1": -1,
        "OptionFactions2": -1,
        "OptionFaction1Points": 100,
        "DecreaseFaction2Points": 0b
    },
    "RewardExp": 0,
    "QuestCommand": "",
    "QuestDialogs": [
        {
            "Value": 1,
            "Slot": "Sasuke (2)"
        }
    ],
    "ModRev": 18,
    "Type": 2,
    "QuestMail": {
        "Sender": "",
        "BeenRead": 0b,
        "Message": {
        },
        "MailItems": [
        ],
        "MailQuest": -1,
        "TimePast": 1726632786795L,
        "Time": 0L,
        "Subject": ""
    },
    "Rewards": {
        "NpcMiscInv": [
            {
                "Slot": 4b,
                "id": "naruto_shippuden:level_250",
                "Count": 4b
            },
            {
                "Slot": 8b,
                "id": "naruto_shippuden:gold_ryo",
                "Count": 12b
            }
        ]
    },
    "CompleteText": ""
}
