{
    "CompleterNpc": "M5",
    "NextQuestId": -1,
    "RandomReward": 0b,
    "QuestRepeat": 3,
    "QuestCompletion": 0,
    "Title": "M5",
    "Text": "Derrota a los 3 del sonido 

Cords: x:951 y:68 z:360 ",
    "QuestFactionPoints": {
        "DecreaseFaction1Points": 0b,
        "OptionFaction2Points": 100,
        "OptionFactions1": -1,
        "OptionFactions2": -1,
        "OptionFaction1Points": 100,
        "DecreaseFaction2Points": 0b
    },
    "RewardExp": 0,
    "QuestCommand": "",
    "QuestDialogs": [
        {
            "Value": 1,
            "Slot": "Dosu (1)"
        },
        {
            "Value": 1,
            "Slot": "Kin Tsuchi (1)"
        },
        {
            "Value": 1,
            "Slot": "Zaku (1)"
        }
    ],
    "ModRev": 18,
    "Type": 2,
    "QuestMail": {
        "Sender": "",
        "BeenRead": 0b,
        "Message": {
        },
        "MailItems": [
        ],
        "MailQuest": -1,
        "TimePast": 1726612325152L,
        "Time": 0L,
        "Subject": ""
    },
    "Rewards": {
        "NpcMiscInv": [
            {
                "Slot": 0b,
                "id": "naruto_shippuden:gold_ryo",
                "Count": 1b
            },
            {
                "Slot": 1b,
                "id": "naruto_shippuden:gold_ryo",
                "Count": 1b
            },
            {
                "Slot": 3b,
                "id": "naruto_shippuden:level_250",
                "Count": 1b
            },
            {
                "Slot": 4b,
                "id": "naruto_shippuden:gold_ryo",
                "Count": 1b
            },
            {
                "Slot": 6b,
                "id": "naruto_shippuden:gold_ryo",
                "Count": 1b
            },
            {
                "Slot": 7b,
                "id": "naruto_shippuden:gold_ryo",
                "Count": 1b
            }
        ]
    },
    "CompleteText": "QUE CASI LOS MATAS"
}
