{
    "CompleterNpc": "M6",
    "NextQuestId": -1,
    "RandomReward": 0b,
    "QuestRepeat": 3,
    "QuestCompletion": 0,
    "Title": "M6",
    "Text": "Derrota a kiba para avanzar de ronda


Cords: x:329 y:71 z:-241",
    "QuestFactionPoints": {
        "DecreaseFaction1Points": 0b,
        "OptionFaction2Points": 100,
        "OptionFactions1": -1,
        "OptionFactions2": -1,
        "OptionFaction1Points": 100,
        "DecreaseFaction2Points": 0b
    },
    "RewardExp": 0,
    "QuestCommand": "",
    "QuestDialogs": [
        {
            "Value": 1,
            "Slot": "Kiba (1)"
        }
    ],
    "ModRev": 18,
    "Type": 2,
    "QuestMail": {
        "Sender": "",
        "BeenRead": 0b,
        "Message": {
        },
        "MailItems": [
        ],
        "MailQuest": -1,
        "TimePast": 1726612878365L,
        "Time": 0L,
        "Subject": ""
    },
    "Rewards": {
        "NpcMiscInv": [
            {
                "Slot": 1b,
                "id": "naruto_shippuden:level_50",
                "Count": 1b
            },
            {
                "Slot": 4b,
                "id": "naruto_shippuden:level_250",
                "Count": 1b
            },
            {
                "Slot": 8b,
                "id": "naruto_shippuden:gold_ryo",
                "Count": 8b
            }
        ]
    },
    "CompleteText": ""
}
