{
    "TransportData": [
    ],
    "NpcsTimers": [
    ],
    "FactionData": [
        {
            "Points": 2000,
            "Faction": 0
        }
    ],
    "BankData": [
    ],
    "ItemGiversList": [
    ],
    "QuestData": {
        "CompletedQuests": [
        ],
        "ActiveQuests": [
        ]
    },
    "PlayerCompanionId": 0,
    "DialogData": [
    ],
    "ItemGiverChained": [
    ],
    "MailData": [
    ],
    "PlayerName": "Sh1nky_",
    "UUID": "580f1ff6-3a1c-3ee7-8d97-795ea851daec",
    "ScriptStoreddata": {
    }
}
