{
    "TransportData": [
    ],
    "NpcsTimers": [
    ],
    "FactionData": [
        {
            "Points": 2000,
            "Faction": 0
        }
    ],
    "BankData": [
    ],
    "ItemGiversList": [
    ],
    "QuestData": {
        "CompletedQuests": [
        ],
        "ActiveQuests": [
        ]
    },
    "PlayerCompanionId": 0,
    "DialogData": [
    ],
    "ItemGiverChained": [
    ],
    "MailData": [
    ],
    "PlayerName": "xaor2306",
    "UUID": "86a895fb-6302-3064-931d-556266230900",
    "ScriptStoreddata": {
    }
}
