{
    "CompleterNpc": "M16",
    "NextQuestId": -1,
    "RandomReward": 0b,
    "QuestRepeat": 3,
    "QuestCompletion": 0,
    "Title": "M16",
    "Text": "Derrota a los ninjas del sonido para traer a Sasuke de nuevo a la aldea

Cords: x:2577 y:63 z:563 Tayuya (1)
  
           x:2513 y:70 z:273 Kimimaro (1)",
    "QuestFactionPoints": {
        "DecreaseFaction1Points": 0b,
        "OptionFaction2Points": 100,
        "OptionFactions1": -1,
        "OptionFactions2": -1,
        "OptionFaction1Points": 100,
        "DecreaseFaction2Points": 0b
    },
    "RewardExp": 0,
    "QuestCommand": "",
    "QuestDialogs": [
        {
            "Value": 1,
            "Slot": "Kimimaro (1)"
        },
        {
            "Value": 1,
            "Slot": "Tayuya (1)"
        }
    ],
    "ModRev": 18,
    "Type": 2,
    "QuestMail": {
        "Sender": "",
        "BeenRead": 0b,
        "Message": {
        },
        "MailItems": [
        ],
        "MailQuest": -1,
        "TimePast": 1726632766518L,
        "Time": 0L,
        "Subject": ""
    },
    "Rewards": {
        "NpcMiscInv": [
            {
                "Slot": 4b,
                "id": "naruto_shippuden:level_250",
                "Count": 3b
            },
            {
                "Slot": 7b,
                "id": "naruto_shippuden:gold_ryo",
                "Count": 11b
            }
        ]
    },
    "CompleteText": ""
}
