{
    "CompleterNpc": "M4",
    "NextQuestId": -1,
    "RandomReward": 0b,
    "QuestRepeat": 3,
    "QuestCompletion": 0,
    "Title": "M4",
    "Text": "Derrota a orochimaru 

x:907 y:68 z:354",
    "QuestFactionPoints": {
        "DecreaseFaction1Points": 0b,
        "OptionFaction2Points": 100,
        "OptionFactions1": -1,
        "OptionFactions2": -1,
        "OptionFaction1Points": 100,
        "DecreaseFaction2Points": 0b
    },
    "RewardExp": 0,
    "QuestCommand": "",
    "QuestDialogs": [
        {
            "Value": 1,
            "Slot": "Orochimaru (1"
        }
    ],
    "ModRev": 18,
    "Type": 2,
    "QuestMail": {
        "Sender": "",
        "BeenRead": 0b,
        "Message": {
        },
        "MailItems": [
        ],
        "MailQuest": -1,
        "TimePast": 1726611952942L,
        "Time": 0L,
        "Subject": ""
    },
    "Rewards": {
        "NpcMiscInv": [
            {
                "Slot": 0b,
                "id": "naruto_shippuden:gold_ryo",
                "Count": 1b
            },
            {
                "Slot": 1b,
                "id": "naruto_shippuden:gold_ryo",
                "Count": 1b
            },
            {
                "Slot": 3b,
                "id": "naruto_shippuden:gold_ryo",
                "Count": 1b
            },
            {
                "Slot": 4b,
                "id": "naruto_shippuden:level_50",
                "Count": 4b
            },
            {
                "Slot": 6b,
                "id": "naruto_shippuden:gold_ryo",
                "Count": 1b
            },
            {
                "Slot": 7b,
                "id": "naruto_shippuden:gold_ryo",
                "Count": 1b
            }
        ]
    },
    "CompleteText": "QUE OROCHIMARU ESTA EN LA ALDEA

QUEEEEE"
}
