{
    "CompleterNpc": "M1",
    "NextQuestId": -1,
    "RandomReward": 0b,
    "QuestRepeat": 3,
    "QuestCompletion": 0,
    "Title": "M1",
    "Text": "Derrota a Kakashi

Cords: x:147 y:77 z:56",
    "QuestFactionPoints": {
        "DecreaseFaction1Points": 0b,
        "OptionFaction2Points": 100,
        "OptionFactions1": -1,
        "OptionFactions2": -1,
        "OptionFaction1Points": 100,
        "DecreaseFaction2Points": 0b
    },
    "RewardExp": 0,
    "QuestCommand": "",
    "QuestDialogs": [
        {
            "Value": 1,
            "Slot": "Kakashi (1)"
        }
    ],
    "ModRev": 18,
    "Type": 2,
    "QuestMail": {
        "Sender": "",
        "BeenRead": 0b,
        "Message": {
        },
        "MailItems": [
        ],
        "MailQuest": -1,
        "TimePast": 1726609914076L,
        "Time": 0L,
        "Subject": ""
    },
    "Rewards": {
        "NpcMiscInv": [
            {
                "Slot": 4b,
                "id": "naruto_shippuden:level_50",
                "Count": 3b
            },
            {
                "Slot": 7b,
                "id": "naruto_shippuden:gold_ryo",
                "Count": 3b
            }
        ]
    },
    "CompleteText": "QUE KAKASHI TE APROBO?"
}
