{"stats":{"minecraft:picked_up":{"naruto_shippuden:level_plus_1":2,"minecraft:composter":1,"minecraft:potato":29,"minecraft:blast_furnace":1,"minecraft:spruce_log":6,"minecraft:carrot":4,"minecraft:cauldron":1,"minecraft:bone":2,"minecraft:arrow":1,"minecraft:rotten_flesh":1,"minecraft:wheat_seeds":6,"minecraft:cartography_table":1,"minecraft:fletching_table":1,"minecraft:iron_bars":2,"minecraft:furnace":1},"minecraft:used":{"minecraft:stone_sword":9,"minecraft:stone_pickaxe":6,"minecraft:rotten_flesh":1,"minecraft:stone_axe":12,"naruto_shippuden:ichiraku_ramen":2},"minecraft:killed":{"minecraft:skeleton":1,"minecraft:zombie":1},"minecraft:crafted":{"minecraft:spruce_planks":24},"minecraft:custom":{"minecraft:time_since_rest":20188,"minecraft:sprint_one_cm":76807,"minecraft:damage_taken":255,"minecraft:walk_one_cm":43485,"minecraft:mob_kills":2,"minecraft:damage_dealt":341,"minecraft:swim_one_cm":1053,"minecraft:fly_one_cm":140850,"minecraft:open_chest":5,"minecraft:crouch_one_cm":47,"minecraft:play_one_minute":20188,"minecraft:sneak_time":13,"minecraft:walk_under_water_one_cm":226,"minecraft:jump":478,"minecraft:time_since_death":20188,"minecraft:walk_on_water_one_cm":56,"minecraft:fall_one_cm":14089},"minecraft:mined":{"minecraft:furnace":1,"minecraft:carrots":2,"minecraft:wheat":6,"minecraft:spruce_log":7,"minecraft:fletching_table":1,"minecraft:blast_furnace":1,"minecraft:potatoes":29,"minecraft:white_stained_glass_pane":2,"minecraft:iron_bars":2,"minecraft:spruce_leaves":1,"minecraft:composter":1,"minecraft:cartography_table":1,"minecraft:spawner":1,"minecraft:cauldron":1}},"DataVersion":2586}