{"stats":{"minecraft:picked_up":{"naruto_shippuden:blood_with_iron":2,"minecraft:leather_chestplate":1,"naruto_shippuden:level_plus_1":22,"minecraft:leather_leggings":1,"minecraft:composter":1,"minecraft:torch":33,"naruto_shippuden:undefined_dna":1,"minecraft:potato":29,"minecraft:blast_furnace":1,"minecraft:spruce_log":6,"minecraft:carrot":4,"minecraft:string":2,"minecraft:spider_eye":2,"minecraft:cauldron":1,"minecraft:stone_pressure_plate":2,"minecraft:bone":8,"minecraft:arrow":13,"minecraft:rotten_flesh":6,"minecraft:wheat_seeds":6,"minecraft:cartography_table":1,"minecraft:smooth_stone":1,"minecraft:spruce_planks":1,"minecraft:iron_ore":2,"minecraft:fletching_table":1,"minecraft:iron_bars":6,"minecraft:furnace":1},"minecraft:used":{"minecraft:stone_sword":102,"minecraft:stone_pickaxe":19,"minecraft:spruce_planks":5,"minecraft:rotten_flesh":1,"minecraft:stone_axe":13,"naruto_shippuden:ichiraku_ramen":2,"minecraft:torch":37,"minecraft:cooked_beef":9},"minecraft:broken":{"minecraft:leather_leggings":1},"minecraft:killed":{"minecraft:skeleton":5,"minecraft:zombie":5,"naruto_shippuden:white_zetsu":2,"minecraft:zombie_villager":1,"minecraft:stray":2,"minecraft:spider":3,"minecraft:creeper":1},"minecraft:crafted":{"minecraft:stick":8,"minecraft:spruce_planks":24,"minecraft:torch":24},"minecraft:custom":{"minecraft:time_since_rest":1414,"minecraft:interact_with_furnace":1,"minecraft:sprint_one_cm":213951,"minecraft:damage_taken":1916,"minecraft:walk_one_cm":101744,"minecraft:mob_kills":21,"minecraft:drop":2,"minecraft:damage_dealt":4057,"minecraft:swim_one_cm":1053,"minecraft:interact_with_crafting_table":1,"minecraft:fly_one_cm":287275,"minecraft:open_chest":29,"minecraft:crouch_one_cm":1110,"minecraft:play_one_minute":44188,"minecraft:deaths":4,"minecraft:sneak_time":361,"minecraft:walk_under_water_one_cm":397,"minecraft:jump":983,"minecraft:time_since_death":1371,"minecraft:walk_on_water_one_cm":2148,"minecraft:fall_one_cm":29945},"minecraft:mined":{"minecraft:spruce_planks":1,"minecraft:stone_pressure_plate":2,"minecraft:furnace":1,"minecraft:carrots":2,"minecraft:iron_ore":2,"minecraft:wheat":6,"minecraft:spruce_log":7,"minecraft:fletching_table":1,"minecraft:blast_furnace":1,"minecraft:potatoes":29,"minecraft:white_stained_glass_pane":2,"minecraft:iron_bars":6,"minecraft:spruce_leaves":1,"minecraft:composter":1,"minecraft:cartography_table":1,"minecraft:spawner":4,"minecraft:cauldron":1},"minecraft:killed_by":{"minecraft:skeleton":2,"minecraft:stray":2},"minecraft:dropped":{"minecraft:torch":32}},"DataVersion":2586}