{"stats":{"minecraft:picked_up":{"naruto_shippuden:blood_with_iron":1,"minecraft:leather_chestplate":1,"naruto_shippuden:level_plus_1":10,"minecraft:composter":1,"minecraft:torch":10,"minecraft:potato":29,"minecraft:blast_furnace":1,"minecraft:spruce_log":6,"minecraft:carrot":4,"minecraft:cauldron":1,"minecraft:bone":4,"minecraft:arrow":3,"minecraft:rotten_flesh":6,"minecraft:wheat_seeds":6,"minecraft:cartography_table":1,"minecraft:fletching_table":1,"minecraft:iron_bars":4,"minecraft:furnace":1},"minecraft:used":{"minecraft:stone_sword":50,"minecraft:stone_pickaxe":10,"minecraft:rotten_flesh":1,"minecraft:stone_axe":12,"naruto_shippuden:ichiraku_ramen":2,"minecraft:torch":22,"minecraft:cooked_beef":5},"minecraft:killed":{"minecraft:skeleton":3,"minecraft:zombie":5,"minecraft:zombie_villager":1,"minecraft:spider":1},"minecraft:crafted":{"minecraft:stick":4,"minecraft:spruce_planks":24,"minecraft:torch":12},"minecraft:custom":{"minecraft:time_since_rest":11802,"minecraft:sprint_one_cm":140533,"minecraft:damage_taken":820,"minecraft:walk_one_cm":71601,"minecraft:mob_kills":10,"minecraft:drop":1,"minecraft:damage_dealt":2044,"minecraft:swim_one_cm":1053,"minecraft:fly_one_cm":216807,"minecraft:open_chest":24,"minecraft:crouch_one_cm":73,"minecraft:play_one_minute":32188,"minecraft:deaths":1,"minecraft:sneak_time":14,"minecraft:walk_under_water_one_cm":397,"minecraft:jump":728,"minecraft:time_since_death":11775,"minecraft:walk_on_water_one_cm":938,"minecraft:fall_one_cm":22245},"minecraft:mined":{"minecraft:furnace":1,"minecraft:carrots":2,"minecraft:wheat":6,"minecraft:spruce_log":7,"minecraft:fletching_table":1,"minecraft:blast_furnace":1,"minecraft:potatoes":29,"minecraft:white_stained_glass_pane":2,"minecraft:iron_bars":4,"minecraft:spruce_leaves":1,"minecraft:composter":1,"minecraft:cartography_table":1,"minecraft:spawner":3,"minecraft:cauldron":1},"minecraft:killed_by":{"minecraft:stray":1},"minecraft:dropped":{"minecraft:torch":9}},"DataVersion":2586}