{"stats":{"minecraft:killed":{"minecraft:zombie":5,"naruto_shippuden:white_zetsu":1,"minecraft:zombie_villager":1,"minecraft:spider":2,"minecraft:cow":4},"minecraft:mined":{"minecraft:seagrass":1,"minecraft:birch_stairs":1,"minecraft:dark_oak_slab":1,"minecraft:birch_leaves":1,"minecraft:dandelion":1,"minecraft:grass_block":28,"minecraft:grass":81,"minecraft:oak_log":31,"minecraft:poppy":1,"minecraft:rose_bush":5,"minecraft:dirt":1,"minecraft:tall_grass":20,"minecraft:sugar_cane":3,"minecraft:oak_leaves":7},"minecraft:custom":{"minecraft:time_since_rest":13915,"minecraft:sprint_one_cm":178368,"minecraft:open_enderchest":3,"minecraft:damage_taken":1172,"minecraft:walk_one_cm":114870,"minecraft:mob_kills":13,"minecraft:drop":3,"minecraft:damage_dealt":1993,"minecraft:swim_one_cm":10890,"minecraft:interact_with_crafting_table":4,"minecraft:fly_one_cm":191129,"minecraft:open_chest":12,"minecraft:crouch_one_cm":7345,"minecraft:play_one_minute":71937,"minecraft:deaths":5,"minecraft:sneak_time":2709,"minecraft:walk_under_water_one_cm":5105,"minecraft:jump":828,"minecraft:leave_game":2,"minecraft:walk_on_water_one_cm":11257,"minecraft:time_since_death":13879,"minecraft:fall_one_cm":18751},"minecraft:killed_by":{"minecraft:skeleton":1,"minecraft:creeper":1,"naruto_shippuden:hidden_leaf_shinobi":1},"minecraft:dropped":{"minecraft:wheat_seeds":6},"minecraft:crafted":{"minecraft:oak_planks":28,"sophisticatedbackpacks:backpack":1,"minecraft:crafting_table":1,"minecraft:chest":3},"minecraft:picked_up":{"minecraft:leather_chestplate":1,"naruto_shippuden:blood_with_iron":1,"minecraft:dark_oak_slab":1,"naruto_shippuden:level_plus_1":17,"minecraft:leather":6,"minecraft:dandelion":1,"naruto_shippuden:undefined_dna":2,"minecraft:flint":1,"minecraft:birch_stairs":1,"minecraft:oak_log":31,"minecraft:dirt":29,"minecraft:spider_eye":1,"minecraft:string":4,"minecraft:leather_helmet":1,"minecraft:dark_oak_planks":1,"minecraft:leather_boots":1,"minecraft:rotten_flesh":5,"minecraft:stone_bricks":2,"minecraft:wheat_seeds":6,"minecraft:beef":7,"minecraft:rose_bush":5,"minecraft:poppy":1,"minecraft:oak_sapling":1,"minecraft:sugar_cane":7},"minecraft:used":{"minecraft:stone_sword":48,"minecraft:stone_shovel":29,"minecraft:poppy":1,"minecraft:chest":2,"minecraft:dark_oak_slab":1,"minecraft:stone_axe":35,"naruto_shippuden:ichiraku_ramen":2,"minecraft:crafting_table":1,"minecraft:dandelion":1,"minecraft:birch_stairs":1}},"DataVersion":2586}