{"stats":{"minecraft:killed":{"minecraft:zombie":1,"naruto_shippuden:white_zetsu":1,"minecraft:zombie_villager":1,"minecraft:spider":2},"minecraft:mined":{"minecraft:seagrass":1,"minecraft:birch_stairs":1,"minecraft:dark_oak_slab":1,"minecraft:dandelion":1,"minecraft:grass":54,"minecraft:poppy":1,"minecraft:tall_grass":20,"minecraft:sugar_cane":3},"minecraft:custom":{"minecraft:time_since_rest":4846,"minecraft:sprint_one_cm":89659,"minecraft:open_enderchest":2,"minecraft:damage_taken":657,"minecraft:walk_one_cm":58081,"minecraft:mob_kills":5,"minecraft:drop":3,"minecraft:damage_dealt":1120,"minecraft:swim_one_cm":8196,"minecraft:fly_one_cm":110166,"minecraft:open_chest":1,"minecraft:crouch_one_cm":2814,"minecraft:play_one_minute":48609,"minecraft:deaths":4,"minecraft:sneak_time":1495,"minecraft:walk_under_water_one_cm":4314,"minecraft:jump":439,"minecraft:leave_game":1,"minecraft:walk_on_water_one_cm":9118,"minecraft:time_since_death":4835,"minecraft:fall_one_cm":7685},"minecraft:killed_by":{"minecraft:skeleton":1,"naruto_shippuden:hidden_leaf_shinobi":1},"minecraft:dropped":{"minecraft:wheat_seeds":6},"minecraft:picked_up":{"naruto_shippuden:blood_with_iron":1,"minecraft:dark_oak_slab":1,"naruto_shippuden:level_plus_1":6,"minecraft:dandelion":1,"naruto_shippuden:undefined_dna":2,"minecraft:flint":1,"minecraft:birch_stairs":1,"minecraft:spider_eye":1,"minecraft:string":4,"minecraft:dark_oak_planks":1,"minecraft:rotten_flesh":1,"minecraft:stone_bricks":2,"minecraft:wheat_seeds":6,"minecraft:poppy":1,"minecraft:sugar_cane":7},"minecraft:used":{"minecraft:stone_sword":14,"minecraft:poppy":1,"minecraft:dark_oak_slab":1,"minecraft:stone_axe":8,"minecraft:dandelion":1,"minecraft:birch_stairs":1}},"DataVersion":2586}