{"stats":{"minecraft:picked_up":{"minecraft:leather_chestplate":1,"naruto_shippuden:blood_with_iron":1,"naruto_shippuden:shogi":1,"naruto_shippuden:level_plus_1":34,"minecraft:leather":10,"minecraft:flint":1,"minecraft:oak_log":31,"minecraft:string":5,"minecraft:dirt":29,"minecraft:leather_boots":1,"minecraft:bone":3,"minecraft:stone_bricks":2,"minecraft:wheat_seeds":7,"minecraft:beef":18,"minecraft:rose_bush":5,"minecraft:poppy":1,"minecraft:sugar_cane":28,"minecraft:dark_oak_slab":1,"minecraft:pumpkin":13,"minecraft:sweet_berries":51,"minecraft:dandelion":1,"naruto_shippuden:undefined_dna":3,"minecraft:birch_stairs":1,"minecraft:spider_eye":2,"minecraft:leather_helmet":1,"minecraft:dark_oak_planks":1,"minecraft:arrow":2,"minecraft:rotten_flesh":15,"minecraft:oak_sapling":1,"minecraft:bricks":1,"minecraft:iron_bars":3},"minecraft:used":{"minecraft:iron_bars":2,"minecraft:stone_sword":54,"minecraft:stone_shovel":29,"minecraft:stone_pickaxe":7,"minecraft:poppy":1,"minecraft:chest":2,"useless_sword:pillager_dagger":55,"minecraft:sugar_cane":3,"naruto_shippuden:ichiraku_ramen":2,"minecraft:torch":12,"minecraft:crafting_table":1,"naruto_shippuden:fire_release_running_fire":5,"minecraft:dark_oak_slab":1,"minecraft:stone_axe":54,"minecraft:sweet_berries":45,"minecraft:dandelion":1,"minecraft:birch_stairs":1},"minecraft:killed":{"naruto_shippuden:white_zetsu":1,"minecraft:zombie_villager":1,"minecraft:spider":3,"minecraft:skeleton":2,"minecraft:pillager":1,"minecraft:zombie":12,"minecraft:cow":10},"minecraft:custom":{"minecraft:mob_kills":30,"minecraft:interact_with_crafting_table":4,"minecraft:play_one_minute":91980,"minecraft:leave_game":2,"minecraft:time_since_death":33922,"minecraft:time_since_rest":33958,"minecraft:sprint_one_cm":309315,"minecraft:open_enderchest":3,"minecraft:damage_taken":1478,"minecraft:walk_one_cm":136962,"minecraft:drop":4,"minecraft:damage_dealt":4874,"minecraft:swim_one_cm":37840,"minecraft:fly_one_cm":280501,"minecraft:open_chest":24,"minecraft:crouch_one_cm":8809,"minecraft:deaths":5,"minecraft:sneak_time":3002,"minecraft:walk_under_water_one_cm":7704,"minecraft:jump":1267,"minecraft:walk_on_water_one_cm":23553,"minecraft:fall_one_cm":29541},"minecraft:crafted":{"minecraft:oak_planks":28,"sophisticatedbackpacks:backpack":1,"minecraft:crafting_table":1,"minecraft:chest":3},"minecraft:mined":{"minecraft:birch_stairs":1,"minecraft:dandelion":1,"minecraft:grass_block":28,"minecraft:poppy":1,"minecraft:rose_bush":5,"minecraft:tall_grass":20,"minecraft:spruce_leaves":6,"minecraft:sugar_cane":11,"minecraft:bricks":1,"minecraft:spawner":2,"minecraft:large_fern":1,"minecraft:seagrass":1,"minecraft:dark_oak_slab":1,"minecraft:fire":5,"minecraft:sweet_berry_bush":19,"minecraft:birch_leaves":1,"minecraft:pumpkin":13,"minecraft:grass":84,"minecraft:oak_log":31,"minecraft:iron_bars":3,"minecraft:dirt":1,"minecraft:stone":1,"minecraft:oak_leaves":9},"minecraft:killed_by":{"minecraft:skeleton":1,"minecraft:creeper":1,"naruto_shippuden:hidden_leaf_shinobi":1},"minecraft:dropped":{"minecraft:wheat_seeds":7}},"DataVersion":2586}