{"stats":{"minecraft:killed":{"minecraft:zombie":1,"naruto_shippuden:white_zetsu":1,"minecraft:zombie_villager":1,"minecraft:spider":2},"minecraft:mined":{"minecraft:birch_stairs":1,"minecraft:dark_oak_slab":1,"minecraft:dandelion":1,"minecraft:grass":53,"minecraft:poppy":1,"minecraft:tall_grass":20},"minecraft:custom":{"minecraft:time_since_rest":14651,"minecraft:sprint_one_cm":74759,"minecraft:open_enderchest":2,"minecraft:damage_taken":440,"minecraft:walk_one_cm":54822,"minecraft:mob_kills":5,"minecraft:drop":3,"minecraft:damage_dealt":1120,"minecraft:swim_one_cm":8196,"minecraft:fly_one_cm":76226,"minecraft:crouch_one_cm":2681,"minecraft:play_one_minute":36609,"minecraft:deaths":3,"minecraft:sneak_time":1383,"minecraft:walk_under_water_one_cm":4314,"minecraft:jump":322,"minecraft:leave_game":1,"minecraft:walk_on_water_one_cm":8387,"minecraft:time_since_death":14060,"minecraft:fall_one_cm":4880},"minecraft:killed_by":{"minecraft:skeleton":1},"minecraft:dropped":{"minecraft:wheat_seeds":6},"minecraft:picked_up":{"minecraft:dark_oak_slab":1,"naruto_shippuden:level_plus_1":5,"minecraft:dandelion":1,"minecraft:flint":1,"minecraft:birch_stairs":1,"minecraft:spider_eye":1,"minecraft:string":4,"minecraft:dark_oak_planks":1,"minecraft:rotten_flesh":1,"minecraft:stone_bricks":2,"minecraft:wheat_seeds":6,"minecraft:poppy":1},"minecraft:used":{"minecraft:stone_sword":14,"minecraft:poppy":1,"minecraft:dark_oak_slab":1,"minecraft:stone_axe":8,"minecraft:dandelion":1,"minecraft:birch_stairs":1}},"DataVersion":2586}