{"stats":{"minecraft:killed":{"minecraft:zombie":1,"naruto_shippuden:white_zetsu":1,"minecraft:zombie_villager":1,"minecraft:spider":2},"minecraft:mined":{"minecraft:seagrass":1,"minecraft:birch_stairs":1,"minecraft:dark_oak_slab":1,"minecraft:birch_leaves":1,"minecraft:dandelion":1,"minecraft:grass":63,"minecraft:oak_log":4,"minecraft:poppy":1,"minecraft:tall_grass":20,"minecraft:sugar_cane":3,"minecraft:oak_leaves":1},"minecraft:custom":{"minecraft:time_since_rest":2587,"minecraft:sprint_one_cm":146183,"minecraft:open_enderchest":3,"minecraft:damage_taken":978,"minecraft:walk_one_cm":87252,"minecraft:mob_kills":5,"minecraft:drop":3,"minecraft:damage_dealt":1148,"minecraft:swim_one_cm":10890,"minecraft:fly_one_cm":151383,"minecraft:open_chest":1,"minecraft:crouch_one_cm":3700,"minecraft:play_one_minute":60609,"minecraft:deaths":5,"minecraft:sneak_time":1919,"minecraft:walk_under_water_one_cm":5105,"minecraft:jump":665,"minecraft:leave_game":1,"minecraft:walk_on_water_one_cm":11257,"minecraft:time_since_death":2551,"minecraft:fall_one_cm":14775},"minecraft:killed_by":{"minecraft:skeleton":1,"minecraft:creeper":1,"naruto_shippuden:hidden_leaf_shinobi":1},"minecraft:dropped":{"minecraft:wheat_seeds":6},"minecraft:picked_up":{"naruto_shippuden:blood_with_iron":1,"minecraft:dark_oak_slab":1,"naruto_shippuden:level_plus_1":8,"minecraft:dandelion":1,"naruto_shippuden:undefined_dna":2,"minecraft:flint":1,"minecraft:birch_stairs":1,"minecraft:oak_log":4,"minecraft:spider_eye":1,"minecraft:string":4,"minecraft:dark_oak_planks":1,"minecraft:rotten_flesh":1,"minecraft:stone_bricks":2,"minecraft:wheat_seeds":6,"minecraft:poppy":1,"minecraft:sugar_cane":7},"minecraft:used":{"minecraft:stone_sword":14,"minecraft:poppy":1,"minecraft:dark_oak_slab":1,"minecraft:stone_axe":8,"minecraft:dandelion":1,"minecraft:birch_stairs":1}},"DataVersion":2586}