{"stats":{"minecraft:picked_up":{"naruto_shippuden:blood_with_iron":1,"minecraft:leather_chestplate":1,"minecraft:dark_oak_slab":1,"minecraft:sweet_berries":34,"naruto_shippuden:level_plus_1":19,"minecraft:leather":6,"minecraft:dandelion":1,"naruto_shippuden:undefined_dna":3,"minecraft:birch_stairs":1,"minecraft:flint":1,"minecraft:oak_log":31,"minecraft:spider_eye":1,"minecraft:dirt":29,"minecraft:string":4,"minecraft:leather_helmet":1,"minecraft:dark_oak_planks":1,"minecraft:leather_boots":1,"minecraft:rotten_flesh":5,"minecraft:stone_bricks":2,"minecraft:wheat_seeds":7,"minecraft:beef":10,"minecraft:rose_bush":5,"minecraft:poppy":1,"minecraft:oak_sapling":1,"minecraft:sugar_cane":10},"minecraft:used":{"minecraft:stone_sword":54,"minecraft:stone_shovel":29,"minecraft:poppy":1,"minecraft:chest":2,"useless_sword:pillager_dagger":3,"minecraft:dark_oak_slab":1,"minecraft:sugar_cane":3,"naruto_shippuden:ichiraku_ramen":2,"minecraft:stone_axe":36,"minecraft:sweet_berries":18,"minecraft:crafting_table":1,"minecraft:dandelion":1,"minecraft:birch_stairs":1},"minecraft:killed":{"minecraft:pillager":1,"minecraft:zombie":5,"naruto_shippuden:white_zetsu":1,"minecraft:zombie_villager":1,"minecraft:spider":2,"minecraft:cow":5},"minecraft:crafted":{"minecraft:oak_planks":28,"sophisticatedbackpacks:backpack":1,"minecraft:crafting_table":1,"minecraft:chest":3},"minecraft:custom":{"minecraft:time_since_rest":21958,"minecraft:sprint_one_cm":245267,"minecraft:open_enderchest":3,"minecraft:damage_taken":1199,"minecraft:walk_one_cm":121356,"minecraft:mob_kills":15,"minecraft:drop":4,"minecraft:damage_dealt":2333,"minecraft:swim_one_cm":12943,"minecraft:interact_with_crafting_table":4,"minecraft:fly_one_cm":248475,"minecraft:open_chest":15,"minecraft:play_one_minute":79980,"minecraft:crouch_one_cm":7450,"minecraft:deaths":5,"minecraft:sneak_time":2730,"minecraft:walk_under_water_one_cm":5543,"minecraft:jump":1080,"minecraft:leave_game":2,"minecraft:time_since_death":21922,"minecraft:walk_on_water_one_cm":12545,"minecraft:fall_one_cm":24790},"minecraft:mined":{"minecraft:large_fern":1,"minecraft:seagrass":1,"minecraft:birch_stairs":1,"minecraft:dark_oak_slab":1,"minecraft:sweet_berry_bush":13,"minecraft:birch_leaves":1,"minecraft:dandelion":1,"minecraft:grass":84,"minecraft:grass_block":28,"minecraft:oak_log":31,"minecraft:poppy":1,"minecraft:rose_bush":5,"minecraft:dirt":1,"minecraft:tall_grass":20,"minecraft:sugar_cane":4,"minecraft:oak_leaves":9},"minecraft:killed_by":{"minecraft:skeleton":1,"minecraft:creeper":1,"naruto_shippuden:hidden_leaf_shinobi":1},"minecraft:dropped":{"minecraft:wheat_seeds":7}},"DataVersion":2586}