{"stats":{"minecraft:picked_up":{"minecraft:leather_chestplate":1,"naruto_shippuden:blood_with_iron":1,"naruto_shippuden:shogi":3,"naruto_shippuden:level_plus_1":38,"minecraft:leather":10,"minecraft:flint":1,"minecraft:oak_log":31,"minecraft:string":7,"minecraft:dirt":29,"minecraft:leather_boots":1,"minecraft:bone":10,"minecraft:stone_bricks":2,"minecraft:wheat_seeds":7,"minecraft:rabbit_hide":1,"minecraft:beef":18,"minecraft:rose_bush":5,"minecraft:poppy":1,"minecraft:sugar_cane":28,"minecraft:dark_oak_slab":1,"minecraft:pumpkin":13,"minecraft:sweet_berries":51,"minecraft:dandelion":1,"naruto_shippuden:undefined_dna":4,"minecraft:birch_stairs":1,"minecraft:spider_eye":2,"minecraft:leather_helmet":1,"minecraft:dark_oak_planks":1,"minecraft:arrow":3,"minecraft:rotten_flesh":15,"minecraft:oak_sapling":1,"minecraft:bricks":1,"minecraft:iron_bars":3},"minecraft:used":{"minecraft:iron_bars":2,"minecraft:stone_sword":54,"minecraft:stone_shovel":29,"minecraft:stone_pickaxe":8,"minecraft:poppy":1,"minecraft:chest":2,"minecraft:shield":15,"useless_sword:pillager_dagger":64,"minecraft:sugar_cane":3,"naruto_shippuden:ichiraku_ramen":2,"minecraft:torch":15,"minecraft:crafting_table":1,"naruto_shippuden:fire_release_running_fire":5,"minecraft:dark_oak_slab":1,"minecraft:stone_axe":54,"minecraft:sweet_berries":51,"minecraft:dandelion":1,"minecraft:birch_stairs":1},"minecraft:killed":{"naruto_shippuden:white_zetsu":1,"minecraft:zombie_villager":1,"minecraft:spider":4,"minecraft:skeleton":2,"minecraft:pillager":1,"minecraft:zombie":12,"minecraft:stray":2,"minecraft:cow":10},"minecraft:custom":{"minecraft:mob_kills":33,"minecraft:interact_with_crafting_table":4,"minecraft:play_one_minute":98969,"minecraft:leave_game":3,"minecraft:time_since_death":2956,"minecraft:time_since_rest":3001,"minecraft:sprint_one_cm":325795,"minecraft:open_enderchest":3,"minecraft:damage_taken":1582,"minecraft:walk_one_cm":147588,"minecraft:drop":8,"minecraft:damage_dealt":5131,"minecraft:swim_one_cm":37840,"minecraft:fly_one_cm":291960,"minecraft:open_chest":43,"minecraft:crouch_one_cm":9008,"minecraft:deaths":6,"minecraft:sneak_time":3039,"minecraft:walk_under_water_one_cm":7704,"minecraft:jump":1339,"minecraft:walk_on_water_one_cm":23710,"minecraft:fall_one_cm":31743},"minecraft:crafted":{"minecraft:oak_planks":28,"sophisticatedbackpacks:backpack":1,"minecraft:crafting_table":1,"minecraft:chest":3,"minecraft:torch":20},"minecraft:mined":{"minecraft:birch_stairs":1,"minecraft:dandelion":1,"minecraft:grass_block":28,"minecraft:poppy":1,"minecraft:rose_bush":5,"minecraft:tall_grass":20,"minecraft:spruce_leaves":6,"minecraft:sugar_cane":11,"minecraft:bricks":1,"minecraft:spawner":3,"minecraft:large_fern":1,"minecraft:seagrass":1,"minecraft:dark_oak_slab":1,"minecraft:fire":5,"minecraft:sweet_berry_bush":19,"minecraft:birch_leaves":1,"minecraft:pumpkin":13,"minecraft:grass":85,"minecraft:oak_log":31,"minecraft:iron_bars":3,"minecraft:dirt":1,"minecraft:stone":1,"minecraft:oak_leaves":9},"minecraft:killed_by":{"minecraft:skeleton":1,"minecraft:stray":1,"minecraft:creeper":1,"naruto_shippuden:hidden_leaf_shinobi":1},"minecraft:dropped":{"minecraft:wheat_seeds":7,"naruto_shippuden:shogi":1,"minecraft:rabbit_hide":1,"minecraft:bone":6}},"DataVersion":2586}