{"stats":{"minecraft:picked_up":{"naruto_shippuden:level_plus_1":14881},"minecraft:custom":{"minecraft:jump":108,"minecraft:time_since_rest":6635,"minecraft:crouch_one_cm":469,"minecraft:play_one_minute":6635,"minecraft:leave_game":1,"minecraft:sprint_one_cm":11854,"minecraft:time_since_death":6635,"minecraft:walk_one_cm":4714,"minecraft:sneak_time":172,"minecraft:drop":2,"minecraft:fall_one_cm":1377,"minecraft:fly_one_cm":27111},"minecraft:dropped":{"naruto_shippuden:rinnegan_release_3":1,"naruto_shippuden:rinnegan_release":1}},"DataVersion":2586}