{"stats":{"minecraft:picked_up":{"minecraft:feather":2,"minecraft:chicken":2,"naruto_shippuden:level_plus_1":14,"minecraft:porkchop":6,"minecraft:spruce_log":7,"minecraft:spider_eye":1,"minecraft:rotten_flesh":2,"minecraft:wheat_seeds":1,"minecraft:spruce_planks":8,"minecraft:light_gray_wool":1,"minecraft:mutton":10,"minecraft:coal":16,"minecraft:white_wool":6},"minecraft:used":{"minecraft:stone_sword":37,"minecraft:stone_pickaxe":17,"minecraft:spruce_planks":10,"minecraft:stone_axe":19,"naruto_shippuden:ichiraku_ramen":1,"minecraft:mutton":6,"minecraft:porkchop":2},"minecraft:killed":{"minecraft:sheep":7,"minecraft:zombie":1,"minecraft:pig":3,"minecraft:chicken":2,"minecraft:spider":1},"minecraft:crafted":{"minecraft:spruce_planks":28},"minecraft:custom":{"minecraft:time_since_rest":10689,"minecraft:sprint_one_cm":81061,"minecraft:damage_taken":915,"minecraft:walk_one_cm":50372,"minecraft:trigger_trapped_chest":2,"minecraft:mob_kills":16,"minecraft:drop":1,"minecraft:damage_dealt":1451,"minecraft:swim_one_cm":23045,"minecraft:fly_one_cm":130818,"minecraft:crouch_one_cm":420,"minecraft:play_one_minute":61684,"minecraft:deaths":3,"minecraft:sneak_time":175,"minecraft:walk_under_water_one_cm":3672,"minecraft:jump":676,"minecraft:walk_on_water_one_cm":8113,"minecraft:time_since_death":10583,"minecraft:climb_one_cm":514,"minecraft:fall_one_cm":28593},"minecraft:mined":{"minecraft:large_fern":1,"minecraft:spruce_planks":8,"minecraft:spruce_log":7,"minecraft:grass":1,"minecraft:coal_ore":16,"minecraft:spruce_leaves":3,"minecraft:stone":1,"minecraft:oak_leaves":1},"minecraft:killed_by":{"minecraft:skeleton":1,"minecraft:creeper":1,"minecraft:zombie":1},"minecraft:dropped":{"naruto_shippuden:clan_release":1}},"DataVersion":2586}