{"stats":{"minecraft:picked_up":{"minecraft:spruce_log":7,"minecraft:coal":16},"minecraft:used":{"minecraft:stone_axe":10,"minecraft:stone_pickaxe":17},"minecraft:custom":{"minecraft:time_since_rest":1700,"minecraft:play_one_minute":19684,"minecraft:crouch_one_cm":91,"minecraft:deaths":1,"minecraft:sprint_one_cm":12816,"minecraft:damage_taken":200,"minecraft:walk_one_cm":5476,"minecraft:sneak_time":27,"minecraft:trigger_trapped_chest":2,"minecraft:walk_under_water_one_cm":2501,"minecraft:drop":1,"minecraft:jump":139,"minecraft:time_since_death":0,"minecraft:walk_on_water_one_cm":4908,"minecraft:swim_one_cm":11219,"minecraft:fall_one_cm":3116,"minecraft:fly_one_cm":23422},"minecraft:mined":{"minecraft:coal_ore":16,"minecraft:spruce_leaves":3,"minecraft:spruce_log":7,"minecraft:stone":1},"minecraft:killed_by":{"minecraft:zombie":1},"minecraft:dropped":{"naruto_shippuden:clan_release":1}},"DataVersion":2586}