{"stats":{"minecraft:picked_up":{"minecraft:coal":12},"minecraft:used":{"minecraft:stone_pickaxe":14},"minecraft:custom":{"minecraft:jump":56,"minecraft:time_since_rest":7684,"minecraft:crouch_one_cm":91,"minecraft:play_one_minute":7684,"minecraft:sprint_one_cm":5429,"minecraft:walk_on_water_one_cm":4706,"minecraft:time_since_death":7684,"minecraft:walk_one_cm":2565,"minecraft:sneak_time":27,"minecraft:trigger_trapped_chest":2,"minecraft:walk_under_water_one_cm":2437,"minecraft:swim_one_cm":10941,"minecraft:drop":1,"minecraft:fall_one_cm":1226,"minecraft:fly_one_cm":8276},"minecraft:mined":{"minecraft:coal_ore":14},"minecraft:dropped":{"naruto_shippuden:clan_release":1}},"DataVersion":2586}