{"stats":{"minecraft:picked_up":{"minecraft:spruce_planks":8,"minecraft:spruce_log":7,"minecraft:coal":16},"minecraft:used":{"minecraft:stone_axe":19,"minecraft:stone_pickaxe":17},"minecraft:custom":{"minecraft:time_since_rest":19700,"minecraft:play_one_minute":37684,"minecraft:crouch_one_cm":298,"minecraft:deaths":1,"minecraft:sprint_one_cm":42890,"minecraft:damage_taken":200,"minecraft:walk_one_cm":18092,"minecraft:sneak_time":114,"minecraft:trigger_trapped_chest":2,"minecraft:walk_under_water_one_cm":2501,"minecraft:drop":1,"minecraft:jump":289,"minecraft:time_since_death":17127,"minecraft:walk_on_water_one_cm":5234,"minecraft:swim_one_cm":11219,"minecraft:fall_one_cm":6318,"minecraft:fly_one_cm":64186},"minecraft:mined":{"minecraft:large_fern":1,"minecraft:coal_ore":16,"minecraft:spruce_planks":8,"minecraft:spruce_leaves":3,"minecraft:spruce_log":7,"minecraft:stone":1},"minecraft:killed_by":{"minecraft:zombie":1},"minecraft:dropped":{"naruto_shippuden:clan_release":1}},"DataVersion":2586}