{"stats":{"minecraft:picked_up":{"minecraft:stick":2,"minecraft:crafting_table":2,"minecraft:andesite":3,"naruto_shippuden:level_plus_1":8,"naruto_shippuden:katana":1,"minecraft:torch":2,"naruto_shippuden:konoha":1,"minecraft:spruce_log":31,"minecraft:dirt":5,"minecraft:stone_axe":1,"minecraft:wheat_seeds":1,"minecraft:spruce_planks":23,"minecraft:iron_ore":47,"minecraft:chest":2,"minecraft:stripped_dark_oak_log":1,"minecraft:mutton":11,"minecraft:coal":46,"minecraft:white_wool":8,"minecraft:cobblestone":65},"minecraft:used":{"minecraft:stone_sword":30,"minecraft:stone_shovel":6,"minecraft:stone_pickaxe":114,"minecraft:iron_pickaxe":49,"minecraft:chest":4,"minecraft:spruce_planks":4,"naruto_shippuden:christmas_ichiraku_ramen":1,"minecraft:stone_axe":62,"minecraft:torch":10,"naruto_shippuden:ichiraku_ramen":2,"minecraft:stripped_dark_oak_log":1,"minecraft:crafting_table":3,"minecraft:furnace":1,"minecraft:white_bed":1,"minecraft:spruce_log":2},"minecraft:killed":{"minecraft:sheep":8,"naruto_shippuden:white_zetsu":1},"minecraft:custom":{"minecraft:time_since_rest":59800,"minecraft:interact_with_furnace":14,"minecraft:sprint_one_cm":45137,"minecraft:damage_taken":280,"minecraft:walk_one_cm":92840,"minecraft:mob_kills":9,"minecraft:drop":5,"minecraft:damage_dealt":2382,"minecraft:interact_with_crafting_table":11,"minecraft:fly_one_cm":60244,"minecraft:open_chest":25,"minecraft:crouch_one_cm":1563,"minecraft:play_one_minute":59800,"minecraft:sneak_time":1162,"minecraft:jump":454,"minecraft:walk_on_water_one_cm":972,"minecraft:time_since_death":59800,"minecraft:fall_one_cm":9824},"minecraft:crafted":{"naruto_shippuden:katana":1,"naruto_shippuden:iron_stick":4,"minecraft:iron_boots":1,"minecraft:iron_chestplate":1,"minecraft:iron_axe":1,"minecraft:crafting_table":1,"minecraft:spruce_planks":116,"minecraft:stick":48,"minecraft:iron_helmet":1,"minecraft:iron_pickaxe":1,"minecraft:iron_ingot":34,"minecraft:iron_leggings":1,"minecraft:chest":2,"minecraft:furnace":1,"minecraft:white_bed":1,"minecraft:torch":8,"minecraft:cooked_mutton":11,"minecraft:air":0},"minecraft:mined":{"minecraft:spruce_planks":3,"minecraft:iron_ore":47,"minecraft:stripped_dark_oak_log":1,"minecraft:spruce_log":31,"minecraft:andesite":3,"minecraft:crafting_table":2,"minecraft:torch":2,"minecraft:grass":5,"minecraft:grass_block":4,"minecraft:coal_ore":46,"minecraft:chest":2,"minecraft:dirt":2,"minecraft:spruce_leaves":7,"minecraft:stone":65},"minecraft:dropped":{"minecraft:stone_axe":1,"minecraft:wheat_seeds":1,"minecraft:spruce_planks":7}},"DataVersion":2586}