{"stats":{"minecraft:picked_up":{"minecraft:crafting_table":2,"naruto_shippuden:blood_with_iron":3,"naruto_shippuden:katana":1,"naruto_shippuden:level_plus_1":37,"minecraft:andesite":3,"minecraft:paper":1,"minecraft:string":7,"minecraft:dirt":5,"minecraft:bone":2,"minecraft:wheat_seeds":1,"minecraft:rabbit_hide":1,"minecraft:spruce_planks":23,"minecraft:iron_ore":47,"minecraft:chest":3,"minecraft:tipped_arrow":1,"minecraft:stick":2,"minecraft:torch":2,"minecraft:spruce_log":31,"naruto_shippuden:konoha":1,"minecraft:spider_eye":1,"minecraft:arrow":3,"minecraft:rotten_flesh":12,"minecraft:stone_axe":1,"minecraft:mutton":11,"minecraft:stripped_dark_oak_log":1,"minecraft:coal":46,"minecraft:white_wool":8,"minecraft:cobblestone":66},"minecraft:used":{"minecraft:cooked_mutton":5,"minecraft:stone_sword":30,"minecraft:stone_shovel":6,"minecraft:stone_pickaxe":114,"minecraft:spruce_planks":4,"minecraft:chest":4,"minecraft:stone":4,"naruto_shippuden:ichiraku_ramen":2,"minecraft:torch":10,"minecraft:stripped_dark_oak_log":1,"minecraft:crafting_table":3,"naruto_shippuden:katana":53,"minecraft:white_bed":1,"minecraft:spruce_log":2,"minecraft:iron_axe":1,"minecraft:iron_pickaxe":50,"minecraft:stone_axe":62,"naruto_shippuden:christmas_ichiraku_ramen":1,"minecraft:cobblestone":1,"minecraft:furnace":1},"minecraft:killed":{"naruto_shippuden:white_zetsu":7,"minecraft:spider":7,"minecraft:sheep":8,"minecraft:skeleton":1,"minecraft:zombie":8,"minecraft:stray":2},"minecraft:custom":{"minecraft:interact_with_furnace":18,"minecraft:mob_kills":33,"minecraft:interact_with_crafting_table":11,"minecraft:play_one_minute":71800,"minecraft:time_since_death":71800,"minecraft:time_since_rest":71800,"minecraft:sprint_one_cm":95654,"minecraft:damage_taken":737,"minecraft:walk_one_cm":139985,"minecraft:drop":7,"minecraft:damage_dealt":7492,"minecraft:talked_to_villager":1,"minecraft:fly_one_cm":102230,"minecraft:open_chest":27,"minecraft:crouch_one_cm":1563,"minecraft:sneak_time":1177,"minecraft:jump":705,"minecraft:walk_on_water_one_cm":972,"minecraft:fall_one_cm":13439},"minecraft:crafted":{"naruto_shippuden:katana":1,"minecraft:crafting_table":1,"minecraft:spruce_planks":116,"minecraft:iron_helmet":1,"minecraft:furnace":1,"minecraft:stone":4,"minecraft:cooked_mutton":11,"minecraft:air":0,"naruto_shippuden:iron_stick":4,"minecraft:iron_chestplate":1,"minecraft:iron_boots":1,"minecraft:iron_axe":1,"minecraft:stick":48,"minecraft:iron_ingot":43,"minecraft:iron_pickaxe":1,"minecraft:chest":2,"minecraft:iron_leggings":1,"minecraft:white_bed":1,"minecraft:torch":8},"minecraft:mined":{"minecraft:spruce_planks":3,"minecraft:stripped_dark_oak_log":1,"minecraft:crafting_table":2,"minecraft:torch":2,"minecraft:grass_block":4,"minecraft:chest":3,"minecraft:spruce_leaves":7,"minecraft:iron_ore":47,"minecraft:spruce_log":31,"minecraft:andesite":3,"minecraft:grass":6,"minecraft:coal_ore":46,"minecraft:dirt":2,"minecraft:stone":66},"minecraft:dropped":{"minecraft:stone_axe":1,"minecraft:wheat_seeds":1,"minecraft:rotten_flesh":2,"minecraft:spruce_planks":7}},"DataVersion":2586}