{"stats":{"minecraft:picked_up":{"minecraft:stick":2,"minecraft:crafting_table":1,"naruto_shippuden:level_plus_1":7,"minecraft:spruce_log":9,"minecraft:dirt":4,"minecraft:wheat_seeds":1,"minecraft:spruce_planks":23,"minecraft:stripped_dark_oak_log":1,"minecraft:mutton":11,"minecraft:white_wool":8,"minecraft:cobblestone":21},"minecraft:used":{"minecraft:stone_sword":5,"minecraft:stone_shovel":4,"minecraft:stone_pickaxe":22,"minecraft:chest":2,"minecraft:spruce_planks":4,"minecraft:stone_axe":28,"naruto_shippuden:ichiraku_ramen":1,"minecraft:stripped_dark_oak_log":1,"minecraft:crafting_table":2,"minecraft:spruce_log":2},"minecraft:killed":{"minecraft:sheep":8},"minecraft:crafted":{"minecraft:crafting_table":1,"minecraft:spruce_planks":28,"minecraft:chest":2},"minecraft:custom":{"minecraft:time_since_rest":29800,"minecraft:sprint_one_cm":12895,"minecraft:damage_taken":130,"minecraft:walk_one_cm":40028,"minecraft:mob_kills":8,"minecraft:drop":1,"minecraft:damage_dealt":787,"minecraft:interact_with_crafting_table":2,"minecraft:fly_one_cm":18080,"minecraft:open_chest":2,"minecraft:crouch_one_cm":911,"minecraft:play_one_minute":29800,"minecraft:sneak_time":724,"minecraft:jump":158,"minecraft:time_since_death":29800,"minecraft:fall_one_cm":3535},"minecraft:mined":{"minecraft:spruce_planks":3,"minecraft:stripped_dark_oak_log":1,"minecraft:spruce_log":9,"minecraft:crafting_table":1,"minecraft:grass":3,"minecraft:grass_block":2,"minecraft:dirt":2,"minecraft:spruce_leaves":3,"minecraft:stone":21},"minecraft:dropped":{"minecraft:wheat_seeds":1}},"DataVersion":2586}