{"stats":{"minecraft:picked_up":{"minecraft:stick":2,"minecraft:crafting_table":2,"naruto_shippuden:level_plus_1":8,"minecraft:spruce_log":31,"minecraft:dirt":4,"minecraft:stone_axe":1,"minecraft:wheat_seeds":1,"minecraft:spruce_planks":23,"minecraft:iron_ore":9,"minecraft:chest":2,"minecraft:stripped_dark_oak_log":1,"minecraft:mutton":11,"minecraft:coal":4,"minecraft:white_wool":8,"minecraft:cobblestone":46},"minecraft:used":{"minecraft:stone_sword":30,"minecraft:stone_shovel":4,"minecraft:stone_pickaxe":60,"minecraft:chest":4,"minecraft:spruce_planks":4,"minecraft:stone_axe":62,"minecraft:torch":8,"naruto_shippuden:ichiraku_ramen":2,"minecraft:stripped_dark_oak_log":1,"minecraft:crafting_table":2,"minecraft:spruce_log":2},"minecraft:killed":{"minecraft:sheep":8,"naruto_shippuden:white_zetsu":1},"minecraft:crafted":{"minecraft:crafting_table":1,"minecraft:spruce_planks":28,"minecraft:chest":2,"minecraft:torch":8},"minecraft:custom":{"minecraft:time_since_rest":41800,"minecraft:sprint_one_cm":31581,"minecraft:damage_taken":280,"minecraft:walk_one_cm":68790,"minecraft:mob_kills":9,"minecraft:drop":5,"minecraft:damage_dealt":2382,"minecraft:interact_with_crafting_table":3,"minecraft:fly_one_cm":53275,"minecraft:open_chest":4,"minecraft:crouch_one_cm":1502,"minecraft:play_one_minute":41800,"minecraft:sneak_time":977,"minecraft:jump":359,"minecraft:time_since_death":41800,"minecraft:fall_one_cm":8924},"minecraft:mined":{"minecraft:spruce_planks":3,"minecraft:iron_ore":9,"minecraft:stripped_dark_oak_log":1,"minecraft:spruce_log":31,"minecraft:crafting_table":2,"minecraft:grass":5,"minecraft:grass_block":2,"minecraft:coal_ore":4,"minecraft:chest":2,"minecraft:dirt":2,"minecraft:spruce_leaves":7,"minecraft:stone":46},"minecraft:dropped":{"minecraft:stone_axe":1,"minecraft:wheat_seeds":1,"minecraft:spruce_planks":7}},"DataVersion":2586}