{"stats":{"minecraft:picked_up":{"minecraft:crafting_table":2,"naruto_shippuden:blood_with_iron":5,"minecraft:redstone_block":1,"naruto_shippuden:katana":1,"naruto_shippuden:level_plus_1":54,"minecraft:andesite":20,"minecraft:golden_leggings":2,"minecraft:nether_wart_block":1,"minecraft:paper":1,"minecraft:string":11,"minecraft:dirt":5,"minecraft:bone":7,"minecraft:diamond_leggings":1,"minecraft:wheat_seeds":1,"minecraft:rabbit_hide":1,"minecraft:spruce_planks":23,"minecraft:iron_ore":47,"minecraft:chest":3,"minecraft:phantom_membrane":3,"minecraft:tipped_arrow":3,"minecraft:stick":2,"minecraft:torch":4,"minecraft:spruce_log":31,"naruto_shippuden:konoha":1,"minecraft:spider_eye":1,"minecraft:leather_helmet":1,"minecraft:arrow":8,"minecraft:rotten_flesh":20,"minecraft:stone_axe":1,"minecraft:chainmail_leggings":1,"minecraft:mutton":11,"minecraft:stripped_dark_oak_log":1,"minecraft:coal":46,"minecraft:white_wool":8,"minecraft:cobblestone":70},"minecraft:used":{"minecraft:cooked_mutton":11,"minecraft:stone_sword":30,"minecraft:stone_shovel":6,"minecraft:stone_pickaxe":114,"minecraft:spruce_planks":4,"minecraft:chest":4,"minecraft:shield":6,"minecraft:stone":4,"naruto_shippuden:ichiraku_ramen":2,"minecraft:torch":12,"minecraft:stripped_dark_oak_log":1,"minecraft:tnt":1,"minecraft:crafting_table":3,"naruto_shippuden:katana":88,"minecraft:white_bed":1,"minecraft:spruce_log":2,"minecraft:iron_axe":1,"minecraft:iron_pickaxe":71,"minecraft:stone_axe":62,"naruto_shippuden:christmas_ichiraku_ramen":1,"minecraft:cobblestone":3,"minecraft:furnace":1,"minecraft:andesite":5},"minecraft:killed":{"naruto_shippuden:white_zetsu":7,"minecraft:spider":9,"minecraft:sheep":8,"minecraft:skeleton":3,"minecraft:zombie":18,"minecraft:stray":4},"minecraft:custom":{"minecraft:interact_with_furnace":18,"minecraft:mob_kills":50,"minecraft:interact_with_crafting_table":11,"minecraft:play_one_minute":83800,"minecraft:time_since_death":701,"minecraft:time_since_rest":735,"minecraft:sprint_one_cm":129122,"minecraft:damage_taken":1287,"minecraft:walk_one_cm":192508,"minecraft:drop":14,"minecraft:damage_dealt":10071,"minecraft:talked_to_villager":1,"minecraft:fly_one_cm":120396,"minecraft:open_chest":47,"minecraft:crouch_one_cm":3344,"minecraft:deaths":1,"minecraft:sneak_time":2677,"minecraft:jump":794,"minecraft:walk_on_water_one_cm":1024,"minecraft:fall_one_cm":22505},"minecraft:crafted":{"naruto_shippuden:katana":1,"minecraft:crafting_table":1,"minecraft:spruce_planks":116,"minecraft:iron_helmet":1,"minecraft:furnace":1,"minecraft:stone":4,"minecraft:cooked_mutton":11,"minecraft:air":0,"naruto_shippuden:iron_stick":4,"minecraft:iron_chestplate":1,"minecraft:iron_boots":1,"minecraft:iron_axe":1,"minecraft:stick":48,"minecraft:iron_ingot":43,"minecraft:iron_pickaxe":1,"minecraft:chest":2,"minecraft:iron_leggings":1,"minecraft:white_bed":1,"minecraft:torch":8},"minecraft:mined":{"minecraft:spruce_planks":3,"minecraft:stripped_dark_oak_log":1,"minecraft:crafting_table":2,"minecraft:torch":3,"minecraft:grass_block":4,"minecraft:chest":3,"minecraft:spruce_leaves":7,"minecraft:spawner":2,"minecraft:iron_ore":47,"minecraft:spruce_log":31,"minecraft:andesite":14,"minecraft:grass":6,"minecraft:coal_ore":46,"minecraft:dirt":2,"minecraft:stone":74},"minecraft:killed_by":{"minecraft:zombie":1},"minecraft:dropped":{"minecraft:stone_axe":1,"minecraft:wheat_seeds":1,"minecraft:stone_shovel":1,"minecraft:rotten_flesh":2,"minecraft:spruce_planks":7,"minecraft:wooden_axe":1,"minecraft:golden_leggings":2,"minecraft:iron_leggings":1,"minecraft:phantom_membrane":3,"minecraft:chainmail_leggings":1}},"DataVersion":2586}