{"stats":{"minecraft:picked_up":{"minecraft:crafting_table":1,"minecraft:stick":2,"naruto_shippuden:level_plus_1":7,"minecraft:wheat_seeds":1,"minecraft:spruce_planks":21,"minecraft:spruce_log":9,"minecraft:mutton":11,"minecraft:stripped_dark_oak_log":1,"minecraft:dirt":2,"minecraft:white_wool":8,"minecraft:cobblestone":13},"minecraft:used":{"minecraft:stone_axe":26,"naruto_shippuden:ichiraku_ramen":1,"minecraft:stone_sword":5,"minecraft:stripped_dark_oak_log":1,"minecraft:crafting_table":2,"minecraft:stone_shovel":2,"minecraft:stone_pickaxe":14,"minecraft:spruce_planks":4,"minecraft:spruce_log":2},"minecraft:killed":{"minecraft:sheep":8},"minecraft:crafted":{"minecraft:crafting_table":1,"minecraft:spruce_planks":28},"minecraft:custom":{"minecraft:time_since_rest":17800,"minecraft:play_one_minute":17800,"minecraft:crouch_one_cm":722,"minecraft:sprint_one_cm":12763,"minecraft:damage_taken":10,"minecraft:walk_one_cm":34436,"minecraft:sneak_time":543,"minecraft:mob_kills":8,"minecraft:drop":1,"minecraft:jump":135,"minecraft:damage_dealt":752,"minecraft:time_since_death":17800,"minecraft:fall_one_cm":2134,"minecraft:fly_one_cm":16359},"minecraft:mined":{"minecraft:grass":3,"minecraft:grass_block":1,"minecraft:spruce_planks":1,"minecraft:dirt":2,"minecraft:spruce_leaves":3,"minecraft:stripped_dark_oak_log":1,"minecraft:spruce_log":9,"minecraft:stone":13,"minecraft:crafting_table":1},"minecraft:dropped":{"minecraft:wheat_seeds":1}},"DataVersion":2586}