{"stats":{"minecraft:picked_up":{"minecraft:porkchop":1,"minecraft:rotten_flesh":3,"naruto_shippuden:level_plus_1":3},"minecraft:used":{"minecraft:stone_sword":12},"minecraft:killed":{"minecraft:zombie":3},"minecraft:custom":{"minecraft:jump":193,"minecraft:time_since_rest":15692,"minecraft:damage_dealt":491,"minecraft:crouch_one_cm":5,"minecraft:play_one_minute":15692,"minecraft:damage_taken":130,"minecraft:sprint_one_cm":29787,"minecraft:walk_on_water_one_cm":3028,"minecraft:time_since_death":15692,"minecraft:walk_one_cm":49279,"minecraft:sneak_time":7,"minecraft:walk_under_water_one_cm":770,"minecraft:mob_kills":2,"minecraft:swim_one_cm":20388,"minecraft:fall_one_cm":5027,"minecraft:fly_one_cm":35180},"minecraft:mined":{"minecraft:kelp":7,"minecraft:kelp_plant":6}},"DataVersion":2586}