{"stats":{"minecraft:picked_up":{"naruto_shippuden:level_plus_1":4,"minecraft:rotten_flesh":3,"minecraft:porkchop":1,"minecraft:oak_sapling":1,"minecraft:mutton":2,"minecraft:white_wool":1},"minecraft:used":{"minecraft:stone_sword":13},"minecraft:killed":{"minecraft:zombie":3},"minecraft:custom":{"minecraft:time_since_rest":10740,"minecraft:play_one_minute":27692,"minecraft:crouch_one_cm":2020,"minecraft:sprint_one_cm":66136,"minecraft:deaths":1,"minecraft:damage_taken":220,"minecraft:walk_one_cm":80657,"minecraft:sneak_time":428,"minecraft:walk_under_water_one_cm":957,"minecraft:mob_kills":2,"minecraft:jump":360,"minecraft:damage_dealt":561,"minecraft:time_since_death":10682,"minecraft:walk_on_water_one_cm":3487,"minecraft:swim_one_cm":24989,"minecraft:fall_one_cm":12848,"minecraft:fly_one_cm":64153},"minecraft:mined":{"minecraft:kelp_plant":6,"minecraft:kelp":7},"minecraft:killed_by":{"naruto_shippuden:hidden_leaf_shinobi":1}},"DataVersion":2586}