{"stats":{"minecraft:dropped":{"sophisticatedbackpacks:iron_backpack":1,"minecraft:wheat_seeds":2},"minecraft:picked_up":{"minecraft:crafting_table":1,"minecraft:feather":4,"minecraft:chicken":3,"naruto_shippuden:level_plus_1":25,"minecraft:andesite":2,"sophisticatedbackpacks:iron_backpack":1,"minecraft:spruce_log":10,"minecraft:dirt":22,"minecraft:arrow":7,"minecraft:bone":7,"minecraft:rotten_flesh":14,"minecraft:bow":1,"minecraft:wheat_seeds":3,"minecraft:spruce_planks":5,"minecraft:granite":1,"minecraft:iron_ore":50,"naruto_shippuden:typhoon_release":1,"minecraft:coal":21,"minecraft:cobblestone":26,"minecraft:furnace":1},"minecraft:used":{"minecraft:stone_sword":8,"minecraft:stone_shovel":2,"minecraft:stone_pickaxe":68,"minecraft:iron_pickaxe":18,"minecraft:iron_sword":5,"minecraft:spruce_planks":6,"minecraft:stone_axe":63,"naruto_shippuden:ichiraku_ramen":3,"minecraft:dirt":1,"minecraft:crafting_table":1,"minecraft:furnace":1},"minecraft:crafted":{"minecraft:iron_boots":1,"minecraft:shield":1,"minecraft:crafting_table":1,"minecraft:stick":12,"minecraft:spruce_planks":40,"minecraft:iron_ingot":24,"minecraft:iron_pickaxe":1,"minecraft:iron_sword":1,"minecraft:furnace":1,"minecraft:torch":12,"minecraft:air":0},"minecraft:custom":{"minecraft:time_since_rest":28876,"minecraft:interact_with_furnace":5,"minecraft:sprint_one_cm":75374,"minecraft:damage_taken":307,"minecraft:walk_one_cm":44782,"minecraft:mob_kills":22,"minecraft:drop":3,"minecraft:damage_dealt":4076,"minecraft:swim_one_cm":1757,"minecraft:interact_with_crafting_table":4,"minecraft:fly_one_cm":73205,"minecraft:crouch_one_cm":588,"minecraft:play_one_minute":28876,"minecraft:sneak_time":198,"minecraft:walk_under_water_one_cm":329,"minecraft:jump":406,"minecraft:leave_game":1,"minecraft:walk_on_water_one_cm":9087,"minecraft:time_since_death":28876,"minecraft:fall_one_cm":10407},"minecraft:killed":{"minecraft:skeleton":3,"minecraft:zombie":12,"naruto_shippuden:white_zetsu":1,"minecraft:zombie_villager":2,"minecraft:chicken":3,"minecraft:spider":1},"minecraft:mined":{"minecraft:large_fern":1,"minecraft:spruce_planks":5,"minecraft:furnace":1,"minecraft:iron_ore":37,"minecraft:spruce_log":12,"minecraft:andesite":2,"minecraft:crafting_table":1,"minecraft:granite":1,"minecraft:coal_ore":20,"minecraft:dirt":1,"minecraft:spruce_leaves":2,"minecraft:stone":23,"minecraft:fern":1}},"DataVersion":2586}