{"stats":{"minecraft:dropped":{"sophisticatedbackpacks:iron_backpack":1,"minecraft:wheat_seeds":2},"minecraft:picked_up":{"minecraft:feather":4,"minecraft:chicken":3,"naruto_shippuden:level_plus_1":19,"minecraft:andesite":2,"sophisticatedbackpacks:iron_backpack":1,"minecraft:spruce_log":10,"minecraft:dirt":22,"minecraft:arrow":1,"minecraft:bone":3,"minecraft:rotten_flesh":13,"minecraft:bow":1,"minecraft:wheat_seeds":3,"minecraft:granite":1,"minecraft:iron_ore":8,"naruto_shippuden:typhoon_release":1,"minecraft:coal":4,"minecraft:cobblestone":12},"minecraft:used":{"minecraft:stone_sword":4,"minecraft:stone_shovel":2,"minecraft:stone_pickaxe":25,"minecraft:stone_axe":58,"naruto_shippuden:ichiraku_ramen":2,"minecraft:dirt":1},"minecraft:crafted":{"minecraft:crafting_table":1,"minecraft:stick":12,"minecraft:spruce_planks":40,"minecraft:torch":12},"minecraft:custom":{"minecraft:time_since_rest":16225,"minecraft:sprint_one_cm":46599,"minecraft:damage_taken":284,"minecraft:walk_one_cm":28827,"minecraft:mob_kills":19,"minecraft:drop":3,"minecraft:damage_dealt":3625,"minecraft:swim_one_cm":1165,"minecraft:fly_one_cm":52055,"minecraft:crouch_one_cm":88,"minecraft:play_one_minute":16225,"minecraft:sneak_time":38,"minecraft:walk_under_water_one_cm":122,"minecraft:jump":256,"minecraft:walk_on_water_one_cm":155,"minecraft:time_since_death":16225,"minecraft:fall_one_cm":6313},"minecraft:killed":{"minecraft:skeleton":2,"minecraft:zombie":12,"naruto_shippuden:white_zetsu":1,"minecraft:chicken":3,"minecraft:spider":1},"minecraft:mined":{"minecraft:large_fern":1,"minecraft:iron_ore":8,"minecraft:spruce_log":12,"minecraft:andesite":2,"minecraft:granite":1,"minecraft:coal_ore":3,"minecraft:dirt":1,"minecraft:spruce_leaves":2,"minecraft:stone":10,"minecraft:fern":1}},"DataVersion":2586}