{"stats":{"minecraft:picked_up":{"minecraft:crafting_table":1,"minecraft:feather":4,"naruto_shippuden:shogi":2,"minecraft:chicken":3,"naruto_shippuden:level_plus_1":29,"minecraft:andesite":2,"sophisticatedbackpacks:iron_backpack":1,"minecraft:spruce_log":10,"minecraft:dirt":22,"minecraft:bone":7,"minecraft:arrow":7,"minecraft:rotten_flesh":14,"minecraft:bow":1,"minecraft:wheat_seeds":3,"minecraft:spruce_planks":5,"minecraft:granite":1,"minecraft:iron_ore":64,"naruto_shippuden:typhoon_release":1,"minecraft:mutton":6,"minecraft:coal":27,"minecraft:white_wool":3,"minecraft:cobblestone":28,"minecraft:furnace":1},"minecraft:used":{"minecraft:stone_sword":8,"minecraft:stone_pickaxe":68,"minecraft:stone_shovel":2,"minecraft:iron_pickaxe":40,"minecraft:iron_sword":59,"minecraft:spruce_planks":6,"minecraft:stone_axe":63,"naruto_shippuden:ichiraku_ramen":4,"minecraft:dirt":1,"minecraft:crafting_table":1,"minecraft:furnace":1},"minecraft:killed":{"minecraft:sheep":3,"minecraft:skeleton":3,"minecraft:zombie":12,"naruto_shippuden:white_zetsu":1,"minecraft:chicken":3,"minecraft:zombie_villager":2,"naruto_shippuden:ten_ten":1,"minecraft:spider":1,"naruto_shippuden:shikamaru_nara":1},"minecraft:crafted":{"minecraft:iron_boots":1,"minecraft:shield":1,"minecraft:crafting_table":1,"minecraft:spruce_planks":40,"minecraft:stick":12,"minecraft:iron_ingot":24,"minecraft:iron_pickaxe":1,"minecraft:iron_sword":1,"minecraft:furnace":1,"minecraft:torch":12,"minecraft:air":0},"minecraft:custom":{"minecraft:time_since_rest":39454,"minecraft:damage_taken":319,"minecraft:interact_with_furnace":5,"minecraft:sprint_one_cm":108461,"minecraft:walk_one_cm":55805,"minecraft:mob_kills":27,"minecraft:drop":3,"minecraft:damage_dealt":8137,"minecraft:swim_one_cm":2717,"minecraft:interact_with_crafting_table":4,"minecraft:fly_one_cm":135289,"minecraft:play_one_minute":39454,"minecraft:crouch_one_cm":606,"minecraft:sneak_time":210,"minecraft:walk_under_water_one_cm":525,"minecraft:jump":685,"minecraft:leave_game":2,"minecraft:time_since_death":39454,"minecraft:walk_on_water_one_cm":9244,"minecraft:fall_one_cm":18563},"minecraft:mined":{"minecraft:large_fern":1,"minecraft:spruce_planks":5,"minecraft:furnace":1,"minecraft:iron_ore":51,"minecraft:spruce_log":12,"minecraft:andesite":2,"minecraft:crafting_table":1,"minecraft:granite":1,"minecraft:grass":1,"minecraft:coal_ore":26,"minecraft:dirt":1,"minecraft:spruce_leaves":2,"minecraft:stone":25,"minecraft:fern":1},"minecraft:dropped":{"sophisticatedbackpacks:iron_backpack":1,"minecraft:wheat_seeds":2}},"DataVersion":2586}