{"stats":{"minecraft:picked_up":{"minecraft:crafting_table":1,"minecraft:stone_sword":1,"naruto_shippuden:fire_dna":1,"minecraft:stone_pickaxe":1,"naruto_shippuden:minato_spawn":1,"minecraft:spruce_sapling":1,"minecraft:spruce_log":6},"minecraft:used":{"minecraft:stone_axe":7},"minecraft:crafted":{"minecraft:crafting_table":1,"minecraft:spruce_planks":24},"minecraft:custom":{"minecraft:time_since_rest":16092,"minecraft:play_one_minute":16092,"minecraft:sprint_one_cm":21911,"minecraft:walk_one_cm":20734,"minecraft:sneak_time":6,"minecraft:drop":4,"minecraft:jump":73,"minecraft:leave_game":1,"minecraft:time_since_death":16092,"minecraft:walk_on_water_one_cm":536,"minecraft:fall_one_cm":1047,"minecraft:fly_one_cm":33318},"minecraft:mined":{"minecraft:spruce_log":7},"minecraft:dropped":{"minecraft:stone_pickaxe":2,"minecraft:stone_sword":2}},"DataVersion":2586}