{"stats":{"minecraft:picked_up":{"minecraft:crafting_table":2,"naruto_shippuden:blood_with_iron":1,"minecraft:feather":10,"minecraft:cooked_beef":7,"naruto_shippuden:level_plus_1":17,"minecraft:brown_mushroom":4,"naruto_shippuden:fire_dna":1,"minecraft:red_mushroom":6,"minecraft:potato":2,"minecraft:mushroom_stew":1,"minecraft:stone_brick_stairs":2,"minecraft:shield":2,"minecraft:gunpowder":7,"minecraft:string":9,"minecraft:bone":5,"minecraft:stone_bricks":136,"minecraft:cracked_stone_bricks":99,"minecraft:gold_nugget":7,"minecraft:spruce_planks":4,"minecraft:iron_ingot":4,"minecraft:stone_pickaxe":1,"minecraft:cobweb":2,"minecraft:iron_nugget":12,"minecraft:mossy_stone_bricks":37,"minecraft:glass_bottle":10,"minecraft:chest":6,"minecraft:mossy_stone_brick_stairs":4,"minecraft:golden_helmet":1,"minecraft:book":6,"minecraft:tipped_arrow":2,"minecraft:torch":32,"minecraft:bowl":13,"naruto_shippuden:minato_spawn":1,"minecraft:spruce_sapling":2,"minecraft:spruce_log":36,"minecraft:fermented_spider_eye":1,"minecraft:spider_eye":8,"minecraft:stone_sword":1,"minecraft:arrow":3,"minecraft:rotten_flesh":9,"minecraft:baked_potato":1,"minecraft:iron_bars":8,"minecraft:coal":4,"minecraft:cobblestone":1},"minecraft:used":{"minecraft:iron_bars":5,"minecraft:baked_potato":1,"minecraft:spruce_planks":19,"minecraft:shield":3,"minecraft:mossy_stone_brick_stairs":1,"minecraft:crafting_table":2,"minecraft:mushroom_stew":3,"minecraft:spruce_log":2,"minecraft:diamond_pickaxe":28,"minecraft:stone_bricks":6,"minecraft:stone_axe":53,"naruto_shippuden:tanto":59,"minecraft:cooked_beef":3},"minecraft:killed":{"minecraft:spider":5,"minecraft:skeleton":1,"minecraft:zombie":9,"minecraft:stray":2},"minecraft:crafted":{"minecraft:crafting_table":1,"minecraft:spruce_planks":136,"minecraft:bowl":4,"minecraft:mushroom_stew":4,"minecraft:shield":1},"minecraft:custom":{"minecraft:mob_kills":17,"minecraft:interact_with_crafting_table":2,"minecraft:play_one_minute":40092,"minecraft:leave_game":1,"minecraft:time_since_death":40092,"minecraft:time_since_rest":40092,"minecraft:sprint_one_cm":60025,"minecraft:damage_taken":594,"minecraft:walk_one_cm":72589,"minecraft:drop":39,"minecraft:damage_dealt":3205,"minecraft:fly_one_cm":100096,"minecraft:open_chest":7,"minecraft:crouch_one_cm":39,"minecraft:sneak_time":89,"minecraft:jump":142,"minecraft:walk_on_water_one_cm":536,"minecraft:fall_one_cm":2888},"minecraft:mined":{"minecraft:spruce_planks":4,"minecraft:crafting_table":1,"minecraft:chest":7,"minecraft:spruce_leaves":2,"minecraft:red_stained_glass_pane":2,"minecraft:spawner":5,"minecraft:large_fern":1,"minecraft:light_blue_terracotta":1,"minecraft:spruce_log":37,"minecraft:stone_brick_stairs":2,"minecraft:mossy_stone_brick_stairs":1,"minecraft:bookshelf":2,"minecraft:iron_bars":8,"minecraft:cracked_stone_bricks":1,"minecraft:stone_bricks":3,"minecraft:stone":3,"minecraft:mossy_stone_bricks":2},"minecraft:dropped":{"minecraft:stone_sword":2,"minecraft:glass_bottle":10,"minecraft:bowl":1,"minecraft:feather":10,"minecraft:cobblestone":1,"minecraft:rotten_flesh":7,"minecraft:mossy_stone_brick_stairs":3,"minecraft:cracked_stone_bricks":1,"minecraft:mushroom_stew":1,"minecraft:tipped_arrow":1,"minecraft:shield":1,"minecraft:torch":16,"minecraft:mossy_stone_bricks":9,"minecraft:iron_bars":3,"minecraft:stone_pickaxe":2,"minecraft:fermented_spider_eye":1,"minecraft:stone_brick_stairs":2}},"DataVersion":2586}