{"stats":{"minecraft:picked_up":{"minecraft:crafting_table":1,"minecraft:stone_sword":1,"naruto_shippuden:level_plus_1":1,"minecraft:rotten_flesh":1,"naruto_shippuden:fire_dna":1,"minecraft:stone_pickaxe":1,"naruto_shippuden:minato_spawn":1,"minecraft:spruce_sapling":2,"minecraft:spruce_log":29},"minecraft:used":{"minecraft:stone_axe":31,"minecraft:spruce_planks":11,"naruto_shippuden:tanto":5,"minecraft:spruce_log":2},"minecraft:killed":{"minecraft:zombie":1},"minecraft:crafted":{"minecraft:crafting_table":1,"minecraft:spruce_planks":24},"minecraft:custom":{"minecraft:time_since_rest":28092,"minecraft:crouch_one_cm":8,"minecraft:play_one_minute":28092,"minecraft:sprint_one_cm":22708,"minecraft:damage_taken":25,"minecraft:walk_one_cm":23132,"minecraft:sneak_time":50,"minecraft:mob_kills":1,"minecraft:drop":4,"minecraft:jump":85,"minecraft:damage_dealt":200,"minecraft:leave_game":1,"minecraft:time_since_death":28092,"minecraft:walk_on_water_one_cm":536,"minecraft:fall_one_cm":1256,"minecraft:fly_one_cm":34411},"minecraft:mined":{"minecraft:large_fern":1,"minecraft:spruce_leaves":1,"minecraft:spruce_log":30},"minecraft:dropped":{"minecraft:stone_pickaxe":2,"minecraft:stone_sword":2}},"DataVersion":2586}