{"stats":{"minecraft:picked_up":{"minecraft:iron_chestplate":1,"minecraft:crafting_table":2,"naruto_shippuden:blood_with_iron":3,"minecraft:feather":10,"minecraft:cooked_beef":10,"naruto_shippuden:level_plus_1":61,"minecraft:andesite":3,"useless_sword:wither_bone":2,"minecraft:brown_mushroom":10,"naruto_shippuden:fire_dna":1,"minecraft:red_mushroom":6,"minecraft:potato":2,"minecraft:mushroom_stew":1,"minecraft:chainmail_chestplate":1,"minecraft:brick":14,"minecraft:stone_brick_stairs":3,"minecraft:golden_boots":6,"minecraft:shield":4,"minecraft:gunpowder":7,"minecraft:string":16,"minecraft:leather_boots":5,"minecraft:compass":1,"minecraft:iron_shovel":1,"minecraft:bone":31,"minecraft:stone_bricks":153,"minecraft:bow":2,"minecraft:cracked_stone_bricks":102,"minecraft:smooth_stone":4,"minecraft:gold_nugget":14,"minecraft:rabbit_hide":1,"minecraft:spruce_planks":4,"minecraft:iron_ingot":4,"minecraft:stone_pickaxe":1,"minecraft:iron_ore":20,"minecraft:cobweb":3,"minecraft:iron_nugget":17,"minecraft:mossy_stone_bricks":37,"minecraft:glass_bottle":14,"minecraft:iron_boots":1,"minecraft:chest":9,"minecraft:mossy_stone_brick_stairs":4,"minecraft:golden_helmet":1,"minecraft:book":12,"minecraft:tipped_arrow":6,"minecraft:stick":2,"minecraft:music_disc_13":1,"minecraft:torch":39,"minecraft:bowl":16,"naruto_shippuden:minato_spawn":1,"minecraft:spruce_sapling":2,"minecraft:spruce_log":36,"minecraft:fermented_spider_eye":5,"minecraft:spider_eye":13,"minecraft:mossy_cobblestone":4,"minecraft:stone_sword":1,"minecraft:arrow":18,"minecraft:rotten_flesh":19,"minecraft:stone_axe":1,"minecraft:iron_helmet":1,"minecraft:mossy_cobblestone_stairs":4,"minecraft:baked_potato":1,"minecraft:iron_bars":13,"minecraft:coal":19,"minecraft:cobblestone":17},"minecraft:used":{"minecraft:iron_bars":6,"minecraft:baked_potato":1,"minecraft:spruce_planks":19,"minecraft:shield":11,"minecraft:mossy_stone_brick_stairs":1,"minecraft:golden_apple":1,"minecraft:rotten_flesh":4,"minecraft:cracked_stone_bricks":1,"minecraft:torch":6,"minecraft:crafting_table":5,"minecraft:mushroom_stew":6,"minecraft:spruce_log":2,"minecraft:mossy_cobblestone_stairs":1,"minecraft:diamond_pickaxe":104,"minecraft:stone_bricks":89,"minecraft:stone_axe":58,"minecraft:bow":4,"minecraft:potion":2,"naruto_shippuden:tanto":245,"minecraft:cooked_beef":10,"minecraft:smooth_stone":1},"minecraft:broken":{"minecraft:golden_helmet":1,"minecraft:iron_helmet":1},"minecraft:killed":{"minecraft:cave_spider":3,"minecraft:spider":10,"minecraft:skeleton":5,"minecraft:zombie":25,"minecraft:stray":12,"minecraft:wither_skeleton":7},"minecraft:crafted":{"minecraft:crafting_table":4,"minecraft:spruce_planks":136,"minecraft:iron_helmet":2,"minecraft:bowl":4,"minecraft:mushroom_stew":6,"minecraft:bow":1,"minecraft:iron_chestplate":1,"minecraft:shield":1,"minecraft:iron_axe":1,"minecraft:stick":4,"minecraft:iron_ingot":1,"minecraft:gold_ingot":1,"minecraft:golden_boots":1},"minecraft:custom":{"minecraft:mob_kills":66,"minecraft:interact_with_crafting_table":7,"minecraft:play_one_minute":58092,"minecraft:leave_game":1,"minecraft:time_since_death":58092,"minecraft:time_since_rest":58092,"minecraft:sprint_one_cm":79648,"minecraft:damage_absorbed":39,"minecraft:damage_taken":1779,"minecraft:walk_one_cm":134729,"minecraft:drop":105,"minecraft:damage_dealt":11650,"minecraft:fly_one_cm":102625,"minecraft:open_chest":28,"minecraft:crouch_one_cm":2111,"minecraft:sneak_time":779,"minecraft:walk_under_water_one_cm":682,"minecraft:jump":222,"minecraft:walk_on_water_one_cm":949,"minecraft:fall_one_cm":3641},"minecraft:mined":{"minecraft:spruce_planks":4,"minecraft:mossy_cobblestone":2,"minecraft:crafting_table":1,"minecraft:chest":10,"minecraft:cobblestone":2,"minecraft:spruce_leaves":2,"minecraft:red_stained_glass_pane":2,"minecraft:spawner":8,"minecraft:large_fern":1,"minecraft:smooth_stone":4,"minecraft:light_blue_terracotta":2,"minecraft:mossy_cobblestone_stairs":2,"minecraft:iron_ore":10,"minecraft:spruce_log":37,"minecraft:andesite":3,"minecraft:stone_brick_stairs":3,"minecraft:mossy_stone_brick_stairs":2,"minecraft:bookshelf":4,"minecraft:coal_ore":8,"minecraft:iron_bars":12,"minecraft:cracked_stone_bricks":5,"minecraft:stone_bricks":20,"minecraft:stone":17,"minecraft:mossy_stone_bricks":2},"minecraft:dropped":{"minecraft:golden_boots":3,"minecraft:stone_axe":1,"minecraft:stone_sword":2,"minecraft:mossy_cobblestone":3,"minecraft:glass_bottle":15,"minecraft:bowl":2,"minecraft:stone_shovel":1,"minecraft:iron_helmet":1,"minecraft:iron_boots":1,"minecraft:feather":10,"minecraft:cobblestone":3,"minecraft:rotten_flesh":13,"minecraft:mossy_stone_brick_stairs":3,"minecraft:cracked_stone_bricks":3,"minecraft:mushroom_stew":1,"minecraft:music_disc_13":2,"minecraft:stick":4,"minecraft:tipped_arrow":2,"minecraft:shield":4,"minecraft:torch":16,"minecraft:iron_chestplate":1,"minecraft:andesite":3,"minecraft:mossy_stone_bricks":9,"minecraft:leather_boots":5,"minecraft:spider_eye":1,"minecraft:stone_bricks":5,"minecraft:iron_bars":7,"minecraft:stone_pickaxe":2,"minecraft:mossy_cobblestone_stairs":3,"minecraft:smooth_stone":3,"minecraft:iron_shovel":1,"minecraft:fermented_spider_eye":4,"minecraft:stone_brick_stairs":2,"minecraft:brick":14}},"DataVersion":2586}