{"stats":{"minecraft:picked_up":{"minecraft:crafting_table":5,"minecraft:iron_chestplate":2,"minecraft:brown_mushroom":10,"naruto_shippuden:fire_dna":1,"minecraft:potion":3,"minecraft:stone_brick_stairs":3,"minecraft:shield":5,"minecraft:brick":14,"minecraft:string":25,"minecraft:compass":1,"minecraft:iron_shovel":1,"minecraft:cracked_stone_bricks":103,"minecraft:gold_nugget":36,"minecraft:smooth_stone":4,"minecraft:spruce_planks":4,"minecraft:iron_nugget":23,"minecraft:coal_block":1,"minecraft:chest":18,"minecraft:egg":20,"minecraft:iron_boots":3,"minecraft:tipped_arrow":7,"minecraft:golden_helmet":1,"minecraft:stick":3,"minecraft:torch":48,"minecraft:bowl":16,"minecraft:stone_sword":1,"minecraft:arrow":30,"minecraft:rotten_flesh":64,"minecraft:nether_bricks":20,"minecraft:gold_ingot":47,"minecraft:mutton":7,"minecraft:iron_bars":17,"minecraft:white_wool":3,"minecraft:cobblestone":19,"naruto_shippuden:blood_with_iron":3,"minecraft:feather":21,"minecraft:cooked_beef":10,"naruto_shippuden:level_plus_1":83,"minecraft:andesite":3,"minecraft:brown_wool":1,"useless_sword:wither_bone":2,"minecraft:leather":4,"minecraft:smoker":2,"minecraft:red_mushroom":6,"minecraft:potato":144,"useless_sword:enderman_scale":1,"minecraft:mushroom_stew":1,"minecraft:flint":6,"minecraft:chainmail_chestplate":1,"minecraft:golden_boots":6,"minecraft:nether_wart_block":96,"minecraft:gunpowder":10,"minecraft:lapis_lazuli":10,"minecraft:wooden_hoe":1,"minecraft:paper":20,"minecraft:name_tag":2,"minecraft:leather_boots":5,"minecraft:bone":50,"minecraft:stone_bricks":164,"minecraft:bow":2,"minecraft:rabbit_hide":1,"minecraft:iron_ingot":4,"minecraft:stone_pickaxe":1,"minecraft:cobweb":3,"minecraft:iron_ore":20,"minecraft:mossy_stone_bricks":39,"minecraft:glass_bottle":18,"minecraft:soul_sand":64,"minecraft:mossy_stone_brick_stairs":5,"minecraft:book":12,"minecraft:music_disc_13":2,"naruto_shippuden:undefined_dna":1,"minecraft:poisonous_potato":1,"naruto_shippuden:minato_spawn":1,"minecraft:nether_brick_stairs":1,"minecraft:spruce_sapling":3,"minecraft:dead_bush":4,"minecraft:spruce_log":44,"minecraft:fermented_spider_eye":5,"minecraft:spider_eye":17,"minecraft:mossy_cobblestone":4,"minecraft:diamond_shovel":1,"minecraft:diamond":1,"minecraft:stone_axe":1,"minecraft:iron_helmet":2,"minecraft:golden_apple":4,"minecraft:mossy_cobblestone_stairs":4,"minecraft:chainmail_helmet":1,"minecraft:baked_potato":21,"minecraft:coal":63,"minecraft:diamond_pickaxe":1,"minecraft:ender_pearl":5},"minecraft:used":{"minecraft:iron_bars":6,"minecraft:chest":2,"minecraft:spruce_planks":19,"minecraft:shield":11,"minecraft:rotten_flesh":5,"minecraft:torch":6,"minecraft:nether_bricks":1,"minecraft:nether_brick_stairs":1,"minecraft:mossy_cobblestone_stairs":1,"minecraft:iron_axe":32,"minecraft:stone_bricks":146,"minecraft:bow":19,"minecraft:cooked_beef":10,"minecraft:potato":56,"minecraft:baked_potato":11,"minecraft:mossy_stone_brick_stairs":1,"minecraft:cracked_stone_bricks":1,"minecraft:golden_apple":2,"minecraft:crafting_table":8,"minecraft:mushroom_stew":6,"minecraft:smoker":4,"minecraft:spruce_log":2,"minecraft:wooden_hoe":15,"minecraft:diamond_pickaxe":142,"minecraft:stone_axe":58,"minecraft:potion":5,"naruto_shippuden:tanto":326,"minecraft:smooth_stone":1,"minecraft:bone_meal":93},"minecraft:broken":{"minecraft:golden_helmet":1,"minecraft:golden_boots":1,"minecraft:iron_helmet":1},"minecraft:killed":{"minecraft:cave_spider":7,"naruto_shippuden:hidden_leaf_shinobi":1,"minecraft:spider":10,"naruto_shippuden:shikamaru_nara":1,"minecraft:skeleton":5,"minecraft:llama":5,"minecraft:sheep":4,"minecraft:zombie":30,"minecraft:stray":14,"minecraft:wither_skeleton":7},"minecraft:crafted":{"minecraft:furnace":2,"minecraft:mushroom_stew":6,"minecraft:bone_meal":93,"minecraft:bow":1,"minecraft:iron_axe":1,"minecraft:golden_boots":1,"sophisticatedbackpacks:iron_backpack":1,"minecraft:smoker":2,"minecraft:crafting_table":7,"minecraft:spruce_planks":136,"minecraft:baked_potato":72,"minecraft:iron_helmet":2,"minecraft:bowl":4,"sophisticatedbackpacks:gold_backpack":1,"minecraft:air":0,"minecraft:iron_chestplate":1,"minecraft:wooden_hoe":1,"minecraft:shield":1,"minecraft:stick":8,"minecraft:iron_ingot":1,"minecraft:gold_ingot":3},"minecraft:custom":{"minecraft:mob_kills":89,"minecraft:interact_with_crafting_table":14,"minecraft:leave_game":2,"minecraft:time_since_death":79812,"minecraft:climb_one_cm":384,"minecraft:damage_resisted":7,"minecraft:sprint_one_cm":102768,"minecraft:walk_one_cm":247363,"minecraft:drop":134,"minecraft:sneak_time":886,"minecraft:walk_under_water_one_cm":1816,"minecraft:jump":434,"minecraft:walk_on_water_one_cm":1525,"minecraft:play_one_minute":79812,"minecraft:time_since_rest":79812,"minecraft:damage_taken":2364,"minecraft:damage_absorbed":271,"minecraft:damage_dealt":17120,"minecraft:fly_one_cm":244476,"minecraft:open_chest":45,"minecraft:crouch_one_cm":2304,"minecraft:interact_with_smoker":25,"minecraft:fall_one_cm":7437},"minecraft:mined":{"minecraft:spruce_planks":4,"minecraft:mossy_cobblestone":3,"minecraft:nether_bricks":1,"minecraft:coal_block":1,"minecraft:spruce_leaves":9,"minecraft:red_stained_glass_pane":2,"minecraft:spawner":9,"minecraft:large_fern":1,"minecraft:smooth_stone":4,"minecraft:mossy_cobblestone_stairs":2,"minecraft:iron_ore":10,"minecraft:andesite":3,"minecraft:nether_brick_stairs":1,"minecraft:mossy_stone_brick_stairs":3,"minecraft:bookshelf":4,"minecraft:potatoes":43,"minecraft:iron_bars":16,"minecraft:stone":19,"minecraft:smoker":2,"minecraft:crafting_table":2,"minecraft:chest":19,"minecraft:cobblestone":2,"minecraft:light_blue_terracotta":2,"minecraft:spruce_log":45,"minecraft:stone_brick_stairs":3,"minecraft:coal_ore":18,"minecraft:cracked_stone_bricks":6,"minecraft:stone_bricks":31,"minecraft:mossy_stone_bricks":4,"minecraft:fern":1},"minecraft:dropped":{"minecraft:golden_boots":3,"minecraft:mossy_cobblestone":3,"minecraft:glass_bottle":17,"minecraft:crafting_table":2,"minecraft:poisonous_potato":1,"minecraft:feather":10,"minecraft:iron_helmet":1,"minecraft:cobblestone":5,"minecraft:mossy_stone_brick_stairs":4,"minecraft:cracked_stone_bricks":4,"minecraft:chainmail_helmet":1,"minecraft:mushroom_stew":1,"minecraft:stick":7,"minecraft:music_disc_13":2,"naruto_shippuden:blood_with_iron":2,"minecraft:wooden_hoe":2,"minecraft:torch":16,"minecraft:nether_wart_block":48,"useless_sword:wither_bone":2,"minecraft:mossy_cobblestone_stairs":3,"minecraft:smooth_stone":3,"minecraft:iron_shovel":2,"minecraft:fermented_spider_eye":4,"minecraft:spruce_sapling":1,"minecraft:stone_axe":1,"minecraft:stone_sword":2,"minecraft:bowl":2,"minecraft:stone_shovel":1,"minecraft:rotten_flesh":13,"minecraft:iron_boots":1,"useless_sword:enderman_scale":1,"minecraft:tipped_arrow":2,"minecraft:shield":4,"minecraft:iron_chestplate":2,"minecraft:andesite":3,"minecraft:mossy_stone_bricks":11,"minecraft:leather_boots":5,"minecraft:stone_bricks":5,"minecraft:spider_eye":5,"minecraft:iron_bars":11,"minecraft:stone_pickaxe":2,"minecraft:stone_brick_stairs":2,"minecraft:brick":14}},"DataVersion":2586}