{"stats":{"minecraft:picked_up":{"minecraft:crafting_table":1,"naruto_shippuden:blood_with_iron":2,"minecraft:feather":6,"minecraft:chicken":4,"naruto_shippuden:level_plus_1":32,"minecraft:porkchop":13,"minecraft:sand":1,"minecraft:spruce_log":6,"minecraft:spider_eye":1,"minecraft:string":2,"minecraft:rotten_flesh":12,"minecraft:spruce_planks":20,"minecraft:iron_ore":10,"minecraft:light_gray_wool":2,"minecraft:mutton":6,"minecraft:coal":51,"minecraft:white_wool":3,"minecraft:cobblestone":17,"minecraft:furnace":1},"minecraft:used":{"minecraft:stone_sword":110,"minecraft:stone_pickaxe":75,"minecraft:stone_axe":8,"naruto_shippuden:ichiraku_ramen":2,"minecraft:cobblestone":2,"minecraft:crafting_table":1,"minecraft:furnace":1,"minecraft:cooked_porkchop":2},"minecraft:killed":{"minecraft:sheep":5,"minecraft:zombie":12,"minecraft:pig":8,"minecraft:chicken":4,"minecraft:spider":2,"minecraft:creeper":1},"minecraft:crafted":{"minecraft:cooked_porkchop":13,"minecraft:crafting_table":1,"minecraft:spruce_planks":24,"minecraft:cooked_chicken":4,"minecraft:furnace":1,"minecraft:cooked_mutton":6,"minecraft:air":0},"minecraft:custom":{"minecraft:time_since_rest":28308,"minecraft:interact_with_furnace":5,"minecraft:sprint_one_cm":42935,"minecraft:damage_taken":315,"minecraft:walk_one_cm":109896,"minecraft:mob_kills":32,"minecraft:damage_dealt":4671,"minecraft:interact_with_crafting_table":2,"minecraft:fly_one_cm":35635,"minecraft:play_one_minute":28308,"minecraft:crouch_one_cm":287,"minecraft:sneak_time":93,"minecraft:walk_under_water_one_cm":2655,"minecraft:jump":216,"minecraft:leave_game":2,"minecraft:time_since_death":28308,"minecraft:walk_on_water_one_cm":1213,"minecraft:fall_one_cm":4903},"minecraft:mined":{"minecraft:furnace":1,"minecraft:iron_ore":10,"minecraft:spruce_log":6,"minecraft:crafting_table":1,"minecraft:grass":1,"minecraft:coal_ore":46,"minecraft:sand":1,"minecraft:spruce_leaves":1,"minecraft:stone":17}},"DataVersion":2586}