{"stats":{"minecraft:picked_up":{"naruto_shippuden:blood_with_iron":2,"minecraft:feather":6,"minecraft:chicken":4,"naruto_shippuden:level_plus_1":32,"minecraft:porkchop":13,"minecraft:spruce_log":6,"minecraft:spider_eye":1,"minecraft:string":2,"minecraft:rotten_flesh":12,"minecraft:spruce_planks":20,"minecraft:iron_ore":6,"minecraft:light_gray_wool":2,"minecraft:mutton":6,"minecraft:coal":14,"minecraft:white_wool":3,"minecraft:cobblestone":11},"minecraft:used":{"minecraft:stone_sword":110,"minecraft:stone_pickaxe":31,"minecraft:stone_axe":7,"naruto_shippuden:ichiraku_ramen":2,"minecraft:crafting_table":1,"minecraft:furnace":1},"minecraft:killed":{"minecraft:sheep":5,"minecraft:zombie":12,"minecraft:pig":8,"minecraft:chicken":4,"minecraft:spider":2,"minecraft:creeper":1},"minecraft:crafted":{"minecraft:crafting_table":1,"minecraft:spruce_planks":24,"minecraft:furnace":1},"minecraft:custom":{"minecraft:time_since_rest":17448,"minecraft:interact_with_furnace":1,"minecraft:sprint_one_cm":41328,"minecraft:damage_taken":315,"minecraft:walk_one_cm":98447,"minecraft:mob_kills":32,"minecraft:damage_dealt":4671,"minecraft:interact_with_crafting_table":2,"minecraft:fly_one_cm":34351,"minecraft:crouch_one_cm":60,"minecraft:play_one_minute":17448,"minecraft:sneak_time":15,"minecraft:walk_under_water_one_cm":2655,"minecraft:jump":171,"minecraft:walk_on_water_one_cm":1213,"minecraft:time_since_death":17448,"minecraft:fall_one_cm":4147},"minecraft:mined":{"minecraft:iron_ore":6,"minecraft:spruce_log":6,"minecraft:grass":1,"minecraft:coal_ore":14,"minecraft:spruce_leaves":1,"minecraft:stone":11}},"DataVersion":2586}