{"stats":{"minecraft:dropped":{"naruto_shippuden:tayaki":1,"naruto_shippuden:gold_ryo":28},"minecraft:picked_up":{"minecraft:cooked_beef":2,"naruto_shippuden:shogi":2,"naruto_shippuden:level_plus_1":15376,"minecraft:leather":1,"minecraft:lead":4,"naruto_shippuden:rinnegan_release_3":1,"minecraft:item_frame":20,"minecraft:apple":1,"naruto_shippuden:rinnegan_release":1,"minecraft:wheat_seeds":1,"minecraft:stick":1,"naruto_shippuden:gold_ryo":48,"minecraft:cooked_porkchop":2,"minecraft:spruce_sapling":4,"naruto_shippuden:tayaki":1,"minecraft:bread":2,"minecraft:chorus_fruit":10},"minecraft:killed_by":{"minecraft:player":2},"minecraft:used":{"minecraft:crimson_stem":22,"minecraft:dark_oak_stairs":87,"minecraft:water_bucket":8,"minecraft:netherite_sword":11,"minecraft:jack_o_lantern":6,"cfm:dark_oak_kitchen_counter":38,"minecraft:iron_bars":5,"minecraft:cobblestone_stairs":65,"minecraft:crimson_fence":2,"minecraft:birch_planks":404,"minecraft:red_stained_glass":65,"cfm:stripped_oak_desk":26,"minecraft:oak_planks":146,"minecraft:blue_wool":100,"cfm:jungle_crate":15,"minecraft:white_concrete_powder":4,"minecraft:chest":18,"minecraft:spruce_planks":39,"minecraft:ender_chest":15,"minecraft:stone":747,"cfm:stripped_spruce_table":18,"minecraft:grass":56,"customnpcs:npcwand":52,"minecraft:smooth_quartz_stairs":3,"minecraft:spruce_leaves":383,"minecraft:dirt":109,"minecraft:stripped_dark_oak_log":145,"minecraft:oak_slab":28,"minecraft:painting":1,"minecraft:birch_fence":13,"minecraft:glass":226,"minecraft:oak_log":1,"minecraft:black_terracotta":207,"minecraft:dark_oak_planks":1032,"cfm:black_sofa":35,"minecraft:quartz_pillar":391,"minecraft:dark_oak_log":30,"minecraft:birch_slab":459,"minecraft:lantern":4,"minecraft:grass_block":328,"cfm:stripped_dark_oak_table":12,"minecraft:crimson_slab":17,"minecraft:dark_oak_slab":843,"minecraft:smooth_quartz":1,"minecraft:spruce_sapling":1,"minecraft:gravel":304,"cfm:stripped_dark_oak_chair":27,"minecraft:stone_bricks":103,"minecraft:yellow_wool":65,"minecraft:bedrock":22,"minecraft:glowstone":218,"cfm:birch_park_bench":49,"minecraft:black_stained_glass":287,"minecraft:stripped_crimson_hyphae":10,"minecraft:infested_cracked_stone_bricks":40,"minecraft:oak_sapling":3,"minecraft:dark_oak_fence":252,"cfm:dark_oak_coffee_table":2,"minecraft:andesite":25,"minecraft:glass_pane":2,"minecraft:trapped_chest":1,"minecraft:white_concrete":166,"customnpcs:npcmobcloner":22,"minecraft:bone_meal":138,"minecraft:birch_stairs":379,"minecraft:gray_stained_glass":8},"minecraft:custom":{"minecraft:mob_kills":3,"minecraft:play_one_minute":1301735,"minecraft:leave_game":20,"minecraft:time_since_death":643997,"minecraft:climb_one_cm":52,"minecraft:time_since_rest":644028,"minecraft:sprint_one_cm":370487,"minecraft:open_enderchest":6,"minecraft:damage_taken":604,"minecraft:walk_one_cm":1117362,"minecraft:trigger_trapped_chest":3,"minecraft:drop":2,"minecraft:damage_dealt":1280,"minecraft:swim_one_cm":11866,"minecraft:fly_one_cm":7110034,"minecraft:open_chest":63,"minecraft:crouch_one_cm":26203,"minecraft:deaths":2,"minecraft:sneak_time":12509,"minecraft:walk_under_water_one_cm":72232,"minecraft:jump":2386,"minecraft:walk_on_water_one_cm":60984,"minecraft:fall_one_cm":418},"minecraft:killed":{"minecraft:wandering_trader":1,"minecraft:trader_llama":2}},"DataVersion":2586}