{
  "naruto_shippuden:nature_chakra_water": {
    "criteria": {
      "nature_chakra_water": "2024-09-17 03:39:51 +0000"
    },
    "done": true
  },
  "sophisticatedbackpacks:recipes/sophisticatedbackpacks/blasting_upgrade": {
    "criteria": {
      "has_upgrade_base": "2024-09-17 03:37:55 +0000"
    },
    "done": true
  },
  "naruto_shippuden:rinnegan_achievement": {
    "criteria": {
      "rinnegan_achievement": "2024-09-17 03:42:22 +0000"
    },
    "done": true
  },
  "sophisticatedbackpacks:recipes/sophisticatedbackpacks/smoking_upgrade_from_smelting_upgrade": {
    "criteria": {
      "has_smelting_upgrade": "2024-09-17 03:37:55 +0000"
    },
    "done": true
  },
  "sophisticatedbackpacks:recipes/sophisticatedbackpacks/auto_smoking_upgrade": {
    "criteria": {
      "has_smoking_upgrade": "2024-09-17 03:37:55 +0000"
    },
    "done": true
  },
  "minecraft:recipes/decorations/chest": {
    "criteria": {
      "has_lots_of_items": "2024-09-17 03:37:55 +0000"
    },
    "done": true
  },
  "naruto_shippuden:kekkei_genkai_crystal": {
    "criteria": {
      "kekkei_genkai_crystal": "2024-09-17 03:39:39 +0000"
    },
    "done": true
  },
  "sophisticatedbackpacks:recipes/sophisticatedbackpacks/auto_smoking_upgrade_from_auto_smelting_upgrade": {
    "criteria": {
      "has_auto_smelting_upgrade": "2024-09-17 03:37:55 +0000"
    },
    "done": true
  },
  "minecraft:story/upgrade_tools": {
    "criteria": {
      "stone_pickaxe": "2024-09-17 03:37:56 +0000"
    },
    "done": true
  },
  "naruto_shippuden:shinobi_start": {
    "criteria": {
      "shinobi_start": "2024-09-17 03:37:55 +0000"
    },
    "done": true
  },
  "naruto_shippuden:nature_chakra_fire": {
    "criteria": {
      "nature_chakra_fire": "2024-09-17 03:39:29 +0000"
    },
    "done": true
  },
  "naruto_shippuden:clan_akimichi": {
    "criteria": {
      "clan_akimichi": "2024-09-17 03:38:40 +0000"
    },
    "done": true
  },
  "minecraft:recipes/decorations/torch": {
    "criteria": {
      "has_stone_pickaxe": "2024-09-17 03:37:56 +0000"
    },
    "done": true
  },
  "naruto_shippuden:nature_chakra_earth": {
    "criteria": {
      "nature_chakra_earth": "2024-09-17 03:38:38 +0000"
    },
    "done": true
  },
  "naruto_shippuden:village_konohagakure": {
    "criteria": {
      "village_konohagakure": "2024-09-17 03:38:40 +0000"
    },
    "done": true
  },
  "naruto_shippuden:new_beggining_of_mod": {
    "criteria": {
      "new_beggining_of_mod": "2024-09-17 03:37:55 +0000"
    },
    "done": true
  },
  "sophisticatedbackpacks:recipes/sophisticatedbackpacks/smoking_upgrade": {
    "criteria": {
      "has_upgrade_base": "2024-09-17 03:37:55 +0000"
    },
    "done": true
  },
  "sophisticatedbackpacks:recipes/sophisticatedbackpacks/blasting_upgrade_from_smelting_upgrade": {
    "criteria": {
      "has_smelting_upgrade": "2024-09-17 03:37:55 +0000"
    },
    "done": true
  },
  "sophisticatedbackpacks:recipes/sophisticatedbackpacks/auto_blasting_upgrade": {
    "criteria": {
      "has_blasting_upgrade": "2024-09-17 03:37:55 +0000"
    },
    "done": true
  },
  "sophisticatedbackpacks:recipes/sophisticatedbackpacks/auto_blasting_upgrade_from_auto_smelting_upgrade": {
    "criteria": {
      "has_auto_smelting_upgrade": "2024-09-17 03:37:55 +0000"
    },
    "done": true
  },
  "naruto_shippuden:nature_chakra_lightning": {
    "criteria": {
      "nature_chakra_lightning": "2024-09-17 03:39:35 +0000"
    },
    "done": true
  },
  "DataVersion": 2586
}