{
    "CompleterNpc": "M12",
    "NextQuestId": -1,
    "RandomReward": 0b,
    "QuestRepeat": 3,
    "QuestCompletion": 0,
    "Title": "M12",
    "Text": "Derrota a Kabuto y defiende a Tsunade


Cords: x:747 y:74 z:-1255

",
    "QuestFactionPoints": {
        "DecreaseFaction1Points": 0b,
        "OptionFaction2Points": 100,
        "OptionFactions1": -1,
        "OptionFactions2": -1,
        "OptionFaction1Points": 100,
        "DecreaseFaction2Points": 0b
    },
    "RewardExp": 0,
    "QuestCommand": "",
    "QuestDialogs": [
        {
            "Value": 1,
            "Slot": "Kabuto (1)"
        }
    ],
    "ModRev": 18,
    "Type": 2,
    "QuestMail": {
        "Sender": "",
        "BeenRead": 0b,
        "Message": {
        },
        "MailItems": [
        ],
        "MailQuest": -1,
        "TimePast": 1726630848821L,
        "Time": 0L,
        "Subject": ""
    },
    "Rewards": {
        "NpcMiscInv": [
            {
                "Slot": 0b,
                "id": "naruto_shippuden:gold_ryo",
                "Count": 2b
            },
            {
                "Slot": 1b,
                "id": "naruto_shippuden:gold_ryo",
                "Count": 2b
            },
            {
                "Slot": 2b,
                "id": "naruto_shippuden:gold_ryo",
                "Count": 2b
            },
            {
                "Slot": 3b,
                "id": "naruto_shippuden:gold_ryo",
                "Count": 2b
            },
            {
                "Slot": 4b,
                "id": "naruto_shippuden:level_250",
                "Count": 2b
            },
            {
                "Slot": 5b,
                "id": "naruto_shippuden:gold_ryo",
                "Count": 2b
            },
            {
                "Slot": 6b,
                "id": "naruto_shippuden:gold_ryo",
                "Count": 2b
            },
            {
                "Slot": 7b,
                "id": "naruto_shippuden:level_50",
                "Count": 3b
            },
            {
                "Slot": 8b,
                "id": "naruto_shippuden:gold_ryo",
                "Count": 2b
            }
        ]
    },
    "CompleteText": ""
}
